#,URL,cap,Libro,Abrev,total
1,https://www.vatican.va/archive/ESL0506/__P1.HTM,0,Génesis,Gn,50
2,https://www.vatican.va/archive/ESL0506/__P2.HTM,1,Génesis,Gn,50
3,https://www.vatican.va/archive/ESL0506/__P3.HTM,2,Génesis,Gn,50
4,https://www.vatican.va/archive/ESL0506/__P4.HTM,3,Génesis,Gn,50
5,https://www.vatican.va/archive/ESL0506/__P5.HTM,4,Génesis,Gn,50
6,https://www.vatican.va/archive/ESL0506/__P6.HTM,5,Génesis,Gn,50
7,https://www.vatican.va/archive/ESL0506/__P7.HTM,6,Génesis,Gn,50
8,https://www.vatican.va/archive/ESL0506/__P8.HTM,7,Génesis,Gn,50
9,https://www.vatican.va/archive/ESL0506/__P9.HTM,8,Génesis,Gn,50
10,https://www.vatican.va/archive/ESL0506/__PA.HTM,9,Génesis,Gn,50
11,https://www.vatican.va/archive/ESL0506/__PB.HTM,10,Génesis,Gn,50
12,https://www.vatican.va/archive/ESL0506/__PC.HTM,11,Génesis,Gn,50
13,https://www.vatican.va/archive/ESL0506/__PD.HTM,12,Génesis,Gn,50
14,https://www.vatican.va/archive/ESL0506/__PE.HTM,13,Génesis,Gn,50
15,https://www.vatican.va/archive/ESL0506/__PF.HTM,14,Génesis,Gn,50
16,https://www.vatican.va/archive/ESL0506/__PG.HTM,15,Génesis,Gn,50
17,https://www.vatican.va/archive/ESL0506/__PH.HTM,16,Génesis,Gn,50
18,https://www.vatican.va/archive/ESL0506/__PI.HTM,17,Génesis,Gn,50
19,https://www.vatican.va/archive/ESL0506/__PJ.HTM,18,Génesis,Gn,50
20,https://www.vatican.va/archive/ESL0506/__PK.HTM,19,Génesis,Gn,50
21,https://www.vatican.va/archive/ESL0506/__PL.HTM,20,Génesis,Gn,50
22,https://www.vatican.va/archive/ESL0506/__PM.HTM,21,Génesis,Gn,50
23,https://www.vatican.va/archive/ESL0506/__PN.HTM,22,Génesis,Gn,50
24,https://www.vatican.va/archive/ESL0506/__PO.HTM,23,Génesis,Gn,50
25,https://www.vatican.va/archive/ESL0506/__PP.HTM,24,Génesis,Gn,50
26,https://www.vatican.va/archive/ESL0506/__PQ.HTM,25,Génesis,Gn,50
27,https://www.vatican.va/archive/ESL0506/__PR.HTM,26,Génesis,Gn,50
28,https://www.vatican.va/archive/ESL0506/__PS.HTM,27,Génesis,Gn,50
29,https://www.vatican.va/archive/ESL0506/__PT.HTM,28,Génesis,Gn,50
30,https://www.vatican.va/archive/ESL0506/__PU.HTM,29,Génesis,Gn,50
31,https://www.vatican.va/archive/ESL0506/__PV.HTM,30,Génesis,Gn,50
32,https://www.vatican.va/archive/ESL0506/__PW.HTM,31,Génesis,Gn,50
33,https://www.vatican.va/archive/ESL0506/__PX.HTM,32,Génesis,Gn,50
34,https://www.vatican.va/archive/ESL0506/__PY.HTM,33,Génesis,Gn,50
35,https://www.vatican.va/archive/ESL0506/__PZ.HTM,34,Génesis,Gn,50
36,https://www.vatican.va/archive/ESL0506/__P10.HTM,35,Génesis,Gn,50
37,https://www.vatican.va/archive/ESL0506/__P11.HTM,36,Génesis,Gn,50
38,https://www.vatican.va/archive/ESL0506/__P12.HTM,37,Génesis,Gn,50
39,https://www.vatican.va/archive/ESL0506/__P13.HTM,38,Génesis,Gn,50
40,https://www.vatican.va/archive/ESL0506/__P14.HTM,39,Génesis,Gn,50
41,https://www.vatican.va/archive/ESL0506/__P15.HTM,40,Génesis,Gn,50
42,https://www.vatican.va/archive/ESL0506/__P16.HTM,41,Génesis,Gn,50
43,https://www.vatican.va/archive/ESL0506/__P17.HTM,42,Génesis,Gn,50
44,https://www.vatican.va/archive/ESL0506/__P18.HTM,43,Génesis,Gn,50
45,https://www.vatican.va/archive/ESL0506/__P19.HTM,44,Génesis,Gn,50
46,https://www.vatican.va/archive/ESL0506/__P1A.HTM,45,Génesis,Gn,50
47,https://www.vatican.va/archive/ESL0506/__P1B.HTM,46,Génesis,Gn,50
48,https://www.vatican.va/archive/ESL0506/__P1C.HTM,47,Génesis,Gn,50
49,https://www.vatican.va/archive/ESL0506/__P1D.HTM,48,Génesis,Gn,50
50,https://www.vatican.va/archive/ESL0506/__P1E.HTM,49,Génesis,Gn,50
51,https://www.vatican.va/archive/ESL0506/__P1F.HTM,50,Génesis,Gn,50
52,https://www.vatican.va/archive/ESL0506/__P1G.HTM,0,Éxodo,Éx,40
53,https://www.vatican.va/archive/ESL0506/__P1H.HTM,1,Éxodo,Éx,40
54,https://www.vatican.va/archive/ESL0506/__P1I.HTM,2,Éxodo,Éx,40
55,https://www.vatican.va/archive/ESL0506/__P1J.HTM,3,Éxodo,Éx,40
56,https://www.vatican.va/archive/ESL0506/__P1K.HTM,4,Éxodo,Éx,40
57,https://www.vatican.va/archive/ESL0506/__P1L.HTM,5,Éxodo,Éx,40
58,https://www.vatican.va/archive/ESL0506/__P1M.HTM,6,Éxodo,Éx,40
59,https://www.vatican.va/archive/ESL0506/__P1N.HTM,7,Éxodo,Éx,40
60,https://www.vatican.va/archive/ESL0506/__P1O.HTM,8,Éxodo,Éx,40
61,https://www.vatican.va/archive/ESL0506/__P1P.HTM,9,Éxodo,Éx,40
62,https://www.vatican.va/archive/ESL0506/__P1Q.HTM,10,Éxodo,Éx,40
63,https://www.vatican.va/archive/ESL0506/__P1R.HTM,11,Éxodo,Éx,40
64,https://www.vatican.va/archive/ESL0506/__P1S.HTM,12,Éxodo,Éx,40
65,https://www.vatican.va/archive/ESL0506/__P1T.HTM,13,Éxodo,Éx,40
66,https://www.vatican.va/archive/ESL0506/__P1U.HTM,14,Éxodo,Éx,40
67,https://www.vatican.va/archive/ESL0506/__P1V.HTM,15,Éxodo,Éx,40
68,https://www.vatican.va/archive/ESL0506/__P1W.HTM,16,Éxodo,Éx,40
69,https://www.vatican.va/archive/ESL0506/__P1X.HTM,17,Éxodo,Éx,40
70,https://www.vatican.va/archive/ESL0506/__P1Y.HTM,18,Éxodo,Éx,40
71,https://www.vatican.va/archive/ESL0506/__P1Z.HTM,19,Éxodo,Éx,40
72,https://www.vatican.va/archive/ESL0506/__P20.HTM,20,Éxodo,Éx,40
73,https://www.vatican.va/archive/ESL0506/__P21.HTM,21,Éxodo,Éx,40
74,https://www.vatican.va/archive/ESL0506/__P22.HTM,22,Éxodo,Éx,40
75,https://www.vatican.va/archive/ESL0506/__P23.HTM,23,Éxodo,Éx,40
76,https://www.vatican.va/archive/ESL0506/__P24.HTM,24,Éxodo,Éx,40
77,https://www.vatican.va/archive/ESL0506/__P25.HTM,25,Éxodo,Éx,40
78,https://www.vatican.va/archive/ESL0506/__P26.HTM,26,Éxodo,Éx,40
79,https://www.vatican.va/archive/ESL0506/__P27.HTM,27,Éxodo,Éx,40
80,https://www.vatican.va/archive/ESL0506/__P28.HTM,28,Éxodo,Éx,40
81,https://www.vatican.va/archive/ESL0506/__P29.HTM,29,Éxodo,Éx,40
82,https://www.vatican.va/archive/ESL0506/__P2A.HTM,30,Éxodo,Éx,40
83,https://www.vatican.va/archive/ESL0506/__P2B.HTM,31,Éxodo,Éx,40
84,https://www.vatican.va/archive/ESL0506/__P2C.HTM,32,Éxodo,Éx,40
85,https://www.vatican.va/archive/ESL0506/__P2D.HTM,33,Éxodo,Éx,40
86,https://www.vatican.va/archive/ESL0506/__P2E.HTM,34,Éxodo,Éx,40
87,https://www.vatican.va/archive/ESL0506/__P2F.HTM,35,Éxodo,Éx,40
88,https://www.vatican.va/archive/ESL0506/__P2G.HTM,36,Éxodo,Éx,40
89,https://www.vatican.va/archive/ESL0506/__P2H.HTM,37,Éxodo,Éx,40
90,https://www.vatican.va/archive/ESL0506/__P2I.HTM,38,Éxodo,Éx,40
91,https://www.vatican.va/archive/ESL0506/__P2J.HTM,39,Éxodo,Éx,40
92,https://www.vatican.va/archive/ESL0506/__P2K.HTM,40,Éxodo,Éx,40
93,https://www.vatican.va/archive/ESL0506/__P2L.HTM,0,Levítico,Lv,27
94,https://www.vatican.va/archive/ESL0506/__P2M.HTM,1,Levítico,Lv,27
95,https://www.vatican.va/archive/ESL0506/__P2N.HTM,2,Levítico,Lv,27
96,https://www.vatican.va/archive/ESL0506/__P2O.HTM,3,Levítico,Lv,27
97,https://www.vatican.va/archive/ESL0506/__P2P.HTM,4,Levítico,Lv,27
98,https://www.vatican.va/archive/ESL0506/__P2Q.HTM,5,Levítico,Lv,27
99,https://www.vatican.va/archive/ESL0506/__P2R.HTM,6,Levítico,Lv,27
100,https://www.vatican.va/archive/ESL0506/__P2S.HTM,7,Levítico,Lv,27
101,https://www.vatican.va/archive/ESL0506/__P2T.HTM,8,Levítico,Lv,27
102,https://www.vatican.va/archive/ESL0506/__P2U.HTM,9,Levítico,Lv,27
103,https://www.vatican.va/archive/ESL0506/__P2V.HTM,10,Levítico,Lv,27
104,https://www.vatican.va/archive/ESL0506/__P2W.HTM,11,Levítico,Lv,27
105,https://www.vatican.va/archive/ESL0506/__P2X.HTM,12,Levítico,Lv,27
106,https://www.vatican.va/archive/ESL0506/__P2Y.HTM,13,Levítico,Lv,27
107,https://www.vatican.va/archive/ESL0506/__P2Z.HTM,14,Levítico,Lv,27
108,https://www.vatican.va/archive/ESL0506/__P30.HTM,15,Levítico,Lv,27
109,https://www.vatican.va/archive/ESL0506/__P31.HTM,16,Levítico,Lv,27
110,https://www.vatican.va/archive/ESL0506/__P32.HTM,17,Levítico,Lv,27
111,https://www.vatican.va/archive/ESL0506/__P33.HTM,18,Levítico,Lv,27
112,https://www.vatican.va/archive/ESL0506/__P34.HTM,19,Levítico,Lv,27
113,https://www.vatican.va/archive/ESL0506/__P35.HTM,20,Levítico,Lv,27
114,https://www.vatican.va/archive/ESL0506/__P36.HTM,21,Levítico,Lv,27
115,https://www.vatican.va/archive/ESL0506/__P37.HTM,22,Levítico,Lv,27
116,https://www.vatican.va/archive/ESL0506/__P38.HTM,23,Levítico,Lv,27
117,https://www.vatican.va/archive/ESL0506/__P39.HTM,24,Levítico,Lv,27
118,https://www.vatican.va/archive/ESL0506/__P3A.HTM,25,Levítico,Lv,27
119,https://www.vatican.va/archive/ESL0506/__P3B.HTM,26,Levítico,Lv,27
120,https://www.vatican.va/archive/ESL0506/__P3C.HTM,27,Levítico,Lv,27
121,https://www.vatican.va/archive/ESL0506/__P3D.HTM,0,Números,Nm,36
122,https://www.vatican.va/archive/ESL0506/__P3E.HTM,1,Números,Nm,36
123,https://www.vatican.va/archive/ESL0506/__P3F.HTM,2,Números,Nm,36
124,https://www.vatican.va/archive/ESL0506/__P3G.HTM,3,Números,Nm,36
125,https://www.vatican.va/archive/ESL0506/__P3H.HTM,4,Números,Nm,36
126,https://www.vatican.va/archive/ESL0506/__P3I.HTM,5,Números,Nm,36
127,https://www.vatican.va/archive/ESL0506/__P3J.HTM,6,Números,Nm,36
128,https://www.vatican.va/archive/ESL0506/__P3K.HTM,7,Números,Nm,36
129,https://www.vatican.va/archive/ESL0506/__P3L.HTM,8,Números,Nm,36
130,https://www.vatican.va/archive/ESL0506/__P3M.HTM,9,Números,Nm,36
131,https://www.vatican.va/archive/ESL0506/__P3N.HTM,10,Números,Nm,36
132,https://www.vatican.va/archive/ESL0506/__P3O.HTM,11,Números,Nm,36
133,https://www.vatican.va/archive/ESL0506/__P3P.HTM,12,Números,Nm,36
134,https://www.vatican.va/archive/ESL0506/__P3Q.HTM,13,Números,Nm,36
135,https://www.vatican.va/archive/ESL0506/__P3R.HTM,14,Números,Nm,36
136,https://www.vatican.va/archive/ESL0506/__P3S.HTM,15,Números,Nm,36
137,https://www.vatican.va/archive/ESL0506/__P3T.HTM,16,Números,Nm,36
138,https://www.vatican.va/archive/ESL0506/__P3U.HTM,17,Números,Nm,36
139,https://www.vatican.va/archive/ESL0506/__P3V.HTM,18,Números,Nm,36
140,https://www.vatican.va/archive/ESL0506/__P3W.HTM,19,Números,Nm,36
141,https://www.vatican.va/archive/ESL0506/__P3X.HTM,20,Números,Nm,36
142,https://www.vatican.va/archive/ESL0506/__P3Y.HTM,21,Números,Nm,36
143,https://www.vatican.va/archive/ESL0506/__P3Z.HTM,22,Números,Nm,36
144,https://www.vatican.va/archive/ESL0506/__P40.HTM,23,Números,Nm,36
145,https://www.vatican.va/archive/ESL0506/__P41.HTM,24,Números,Nm,36
146,https://www.vatican.va/archive/ESL0506/__P42.HTM,25,Números,Nm,36
147,https://www.vatican.va/archive/ESL0506/__P43.HTM,26,Números,Nm,36
148,https://www.vatican.va/archive/ESL0506/__P44.HTM,27,Números,Nm,36
149,https://www.vatican.va/archive/ESL0506/__P45.HTM,28,Números,Nm,36
150,https://www.vatican.va/archive/ESL0506/__P46.HTM,29,Números,Nm,36
151,https://www.vatican.va/archive/ESL0506/__P47.HTM,30,Números,Nm,36
152,https://www.vatican.va/archive/ESL0506/__P48.HTM,31,Números,Nm,36
153,https://www.vatican.va/archive/ESL0506/__P49.HTM,32,Números,Nm,36
154,https://www.vatican.va/archive/ESL0506/__P4A.HTM,33,Números,Nm,36
155,https://www.vatican.va/archive/ESL0506/__P4B.HTM,34,Números,Nm,36
156,https://www.vatican.va/archive/ESL0506/__P4C.HTM,35,Números,Nm,36
157,https://www.vatican.va/archive/ESL0506/__P4D.HTM,36,Números,Nm,36
158,https://www.vatican.va/archive/ESL0506/__P4E.HTM,0,Deuteronomio,Dt,34
159,https://www.vatican.va/archive/ESL0506/__P4F.HTM,1,Deuteronomio,Dt,34
160,https://www.vatican.va/archive/ESL0506/__P4G.HTM,2,Deuteronomio,Dt,34
161,https://www.vatican.va/archive/ESL0506/__P4H.HTM,3,Deuteronomio,Dt,34
162,https://www.vatican.va/archive/ESL0506/__P4I.HTM,4,Deuteronomio,Dt,34
163,https://www.vatican.va/archive/ESL0506/__P4J.HTM,5,Deuteronomio,Dt,34
164,https://www.vatican.va/archive/ESL0506/__P4K.HTM,6,Deuteronomio,Dt,34
165,https://www.vatican.va/archive/ESL0506/__P4L.HTM,7,Deuteronomio,Dt,34
166,https://www.vatican.va/archive/ESL0506/__P4M.HTM,8,Deuteronomio,Dt,34
167,https://www.vatican.va/archive/ESL0506/__P4N.HTM,9,Deuteronomio,Dt,34
168,https://www.vatican.va/archive/ESL0506/__P4O.HTM,10,Deuteronomio,Dt,34
169,https://www.vatican.va/archive/ESL0506/__P4P.HTM,11,Deuteronomio,Dt,34
170,https://www.vatican.va/archive/ESL0506/__P4Q.HTM,12,Deuteronomio,Dt,34
171,https://www.vatican.va/archive/ESL0506/__P4R.HTM,13,Deuteronomio,Dt,34
172,https://www.vatican.va/archive/ESL0506/__P4S.HTM,14,Deuteronomio,Dt,34
173,https://www.vatican.va/archive/ESL0506/__P4T.HTM,15,Deuteronomio,Dt,34
174,https://www.vatican.va/archive/ESL0506/__P4U.HTM,16,Deuteronomio,Dt,34
175,https://www.vatican.va/archive/ESL0506/__P4V.HTM,17,Deuteronomio,Dt,34
176,https://www.vatican.va/archive/ESL0506/__P4W.HTM,18,Deuteronomio,Dt,34
177,https://www.vatican.va/archive/ESL0506/__P4X.HTM,19,Deuteronomio,Dt,34
178,https://www.vatican.va/archive/ESL0506/__P4Y.HTM,20,Deuteronomio,Dt,34
179,https://www.vatican.va/archive/ESL0506/__P4Z.HTM,21,Deuteronomio,Dt,34
180,https://www.vatican.va/archive/ESL0506/__P50.HTM,22,Deuteronomio,Dt,34
181,https://www.vatican.va/archive/ESL0506/__P51.HTM,23,Deuteronomio,Dt,34
182,https://www.vatican.va/archive/ESL0506/__P52.HTM,24,Deuteronomio,Dt,34
183,https://www.vatican.va/archive/ESL0506/__P53.HTM,25,Deuteronomio,Dt,34
184,https://www.vatican.va/archive/ESL0506/__P54.HTM,26,Deuteronomio,Dt,34
185,https://www.vatican.va/archive/ESL0506/__P55.HTM,27,Deuteronomio,Dt,34
186,https://www.vatican.va/archive/ESL0506/__P56.HTM,28,Deuteronomio,Dt,34
187,https://www.vatican.va/archive/ESL0506/__P57.HTM,29,Deuteronomio,Dt,34
188,https://www.vatican.va/archive/ESL0506/__P58.HTM,30,Deuteronomio,Dt,34
189,https://www.vatican.va/archive/ESL0506/__P59.HTM,31,Deuteronomio,Dt,34
190,https://www.vatican.va/archive/ESL0506/__P5A.HTM,32,Deuteronomio,Dt,34
191,https://www.vatican.va/archive/ESL0506/__P5B.HTM,33,Deuteronomio,Dt,34
192,https://www.vatican.va/archive/ESL0506/__P5C.HTM,34,Deuteronomio,Dt,34
193,https://www.vatican.va/archive/ESL0506/__P5D.HTM,0,Josué,Jos,24
194,https://www.vatican.va/archive/ESL0506/__P5E.HTM,1,Josué,Jos,24
195,https://www.vatican.va/archive/ESL0506/__P5F.HTM,2,Josué,Jos,24
196,https://www.vatican.va/archive/ESL0506/__P5G.HTM,3,Josué,Jos,24
197,https://www.vatican.va/archive/ESL0506/__P5H.HTM,4,Josué,Jos,24
198,https://www.vatican.va/archive/ESL0506/__P5I.HTM,5,Josué,Jos,24
199,https://www.vatican.va/archive/ESL0506/__P5J.HTM,6,Josué,Jos,24
200,https://www.vatican.va/archive/ESL0506/__P5K.HTM,7,Josué,Jos,24
201,https://www.vatican.va/archive/ESL0506/__P5L.HTM,8,Josué,Jos,24
202,https://www.vatican.va/archive/ESL0506/__P5M.HTM,9,Josué,Jos,24
203,https://www.vatican.va/archive/ESL0506/__P5N.HTM,10,Josué,Jos,24
204,https://www.vatican.va/archive/ESL0506/__P5O.HTM,11,Josué,Jos,24
205,https://www.vatican.va/archive/ESL0506/__P5P.HTM,12,Josué,Jos,24
206,https://www.vatican.va/archive/ESL0506/__P5Q.HTM,13,Josué,Jos,24
207,https://www.vatican.va/archive/ESL0506/__P5R.HTM,14,Josué,Jos,24
208,https://www.vatican.va/archive/ESL0506/__P5S.HTM,15,Josué,Jos,24
209,https://www.vatican.va/archive/ESL0506/__P5T.HTM,16,Josué,Jos,24
210,https://www.vatican.va/archive/ESL0506/__P5U.HTM,17,Josué,Jos,24
211,https://www.vatican.va/archive/ESL0506/__P5V.HTM,18,Josué,Jos,24
212,https://www.vatican.va/archive/ESL0506/__P5W.HTM,19,Josué,Jos,24
213,https://www.vatican.va/archive/ESL0506/__P5X.HTM,20,Josué,Jos,24
214,https://www.vatican.va/archive/ESL0506/__P5Y.HTM,21,Josué,Jos,24
215,https://www.vatican.va/archive/ESL0506/__P5Z.HTM,22,Josué,Jos,24
216,https://www.vatican.va/archive/ESL0506/__P60.HTM,23,Josué,Jos,24
217,https://www.vatican.va/archive/ESL0506/__P61.HTM,24,Josué,Jos,24
218,https://www.vatican.va/archive/ESL0506/__P62.HTM,0,Jueces,Jc,21
219,https://www.vatican.va/archive/ESL0506/__P63.HTM,1,Jueces,Jc,21
220,https://www.vatican.va/archive/ESL0506/__P64.HTM,2,Jueces,Jc,21
221,https://www.vatican.va/archive/ESL0506/__P65.HTM,3,Jueces,Jc,21
222,https://www.vatican.va/archive/ESL0506/__P66.HTM,4,Jueces,Jc,21
223,https://www.vatican.va/archive/ESL0506/__P67.HTM,5,Jueces,Jc,21
224,https://www.vatican.va/archive/ESL0506/__P68.HTM,6,Jueces,Jc,21
225,https://www.vatican.va/archive/ESL0506/__P69.HTM,7,Jueces,Jc,21
226,https://www.vatican.va/archive/ESL0506/__P6A.HTM,8,Jueces,Jc,21
227,https://www.vatican.va/archive/ESL0506/__P6B.HTM,9,Jueces,Jc,21
228,https://www.vatican.va/archive/ESL0506/__P6C.HTM,10,Jueces,Jc,21
229,https://www.vatican.va/archive/ESL0506/__P6D.HTM,11,Jueces,Jc,21
230,https://www.vatican.va/archive/ESL0506/__P6E.HTM,12,Jueces,Jc,21
231,https://www.vatican.va/archive/ESL0506/__P6F.HTM,13,Jueces,Jc,21
232,https://www.vatican.va/archive/ESL0506/__P6G.HTM,14,Jueces,Jc,21
233,https://www.vatican.va/archive/ESL0506/__P6H.HTM,15,Jueces,Jc,21
234,https://www.vatican.va/archive/ESL0506/__P6I.HTM,16,Jueces,Jc,21
235,https://www.vatican.va/archive/ESL0506/__P6J.HTM,17,Jueces,Jc,21
236,https://www.vatican.va/archive/ESL0506/__P6K.HTM,18,Jueces,Jc,21
237,https://www.vatican.va/archive/ESL0506/__P6L.HTM,19,Jueces,Jc,21
238,https://www.vatican.va/archive/ESL0506/__P6M.HTM,20,Jueces,Jc,21
239,https://www.vatican.va/archive/ESL0506/__P6N.HTM,21,Jueces,Jc,21
240,https://www.vatican.va/archive/ESL0506/__P6O.HTM,0,1 Samuel,1_Sm,31
241,https://www.vatican.va/archive/ESL0506/__P6P.HTM,1,1 Samuel,1_Sm,31
242,https://www.vatican.va/archive/ESL0506/__P6Q.HTM,2,1 Samuel,1_Sm,31
243,https://www.vatican.va/archive/ESL0506/__P6R.HTM,3,1 Samuel,1_Sm,31
244,https://www.vatican.va/archive/ESL0506/__P6S.HTM,4,1 Samuel,1_Sm,31
245,https://www.vatican.va/archive/ESL0506/__P6T.HTM,5,1 Samuel,1_Sm,31
246,https://www.vatican.va/archive/ESL0506/__P6U.HTM,6,1 Samuel,1_Sm,31
247,https://www.vatican.va/archive/ESL0506/__P6V.HTM,7,1 Samuel,1_Sm,31
248,https://www.vatican.va/archive/ESL0506/__P6W.HTM,8,1 Samuel,1_Sm,31
249,https://www.vatican.va/archive/ESL0506/__P6X.HTM,9,1 Samuel,1_Sm,31
250,https://www.vatican.va/archive/ESL0506/__P6Y.HTM,10,1 Samuel,1_Sm,31
251,https://www.vatican.va/archive/ESL0506/__P6Z.HTM,11,1 Samuel,1_Sm,31
252,https://www.vatican.va/archive/ESL0506/__P70.HTM,12,1 Samuel,1_Sm,31
253,https://www.vatican.va/archive/ESL0506/__P71.HTM,13,1 Samuel,1_Sm,31
254,https://www.vatican.va/archive/ESL0506/__P72.HTM,14,1 Samuel,1_Sm,31
255,https://www.vatican.va/archive/ESL0506/__P73.HTM,15,1 Samuel,1_Sm,31
256,https://www.vatican.va/archive/ESL0506/__P74.HTM,16,1 Samuel,1_Sm,31
257,https://www.vatican.va/archive/ESL0506/__P75.HTM,17,1 Samuel,1_Sm,31
258,https://www.vatican.va/archive/ESL0506/__P76.HTM,18,1 Samuel,1_Sm,31
259,https://www.vatican.va/archive/ESL0506/__P77.HTM,19,1 Samuel,1_Sm,31
260,https://www.vatican.va/archive/ESL0506/__P78.HTM,20,1 Samuel,1_Sm,31
261,https://www.vatican.va/archive/ESL0506/__P79.HTM,21,1 Samuel,1_Sm,31
262,https://www.vatican.va/archive/ESL0506/__P7A.HTM,22,1 Samuel,1_Sm,31
263,https://www.vatican.va/archive/ESL0506/__P7B.HTM,23,1 Samuel,1_Sm,31
264,https://www.vatican.va/archive/ESL0506/__P7C.HTM,24,1 Samuel,1_Sm,31
265,https://www.vatican.va/archive/ESL0506/__P7D.HTM,25,1 Samuel,1_Sm,31
266,https://www.vatican.va/archive/ESL0506/__P7E.HTM,26,1 Samuel,1_Sm,31
267,https://www.vatican.va/archive/ESL0506/__P7F.HTM,27,1 Samuel,1_Sm,31
268,https://www.vatican.va/archive/ESL0506/__P7G.HTM,28,1 Samuel,1_Sm,31
269,https://www.vatican.va/archive/ESL0506/__P7H.HTM,29,1 Samuel,1_Sm,31
270,https://www.vatican.va/archive/ESL0506/__P7I.HTM,30,1 Samuel,1_Sm,31
271,https://www.vatican.va/archive/ESL0506/__P7J.HTM,31,1 Samuel,1_Sm,31
272,https://www.vatican.va/archive/ESL0506/__P7K.HTM,1,2 Samuel,2_Sm,24
273,https://www.vatican.va/archive/ESL0506/__P7L.HTM,2,2 Samuel,2_Sm,24
274,https://www.vatican.va/archive/ESL0506/__P7M.HTM,3,2 Samuel,2_Sm,24
275,https://www.vatican.va/archive/ESL0506/__P7N.HTM,4,2 Samuel,2_Sm,24
276,https://www.vatican.va/archive/ESL0506/__P7O.HTM,5,2 Samuel,2_Sm,24
277,https://www.vatican.va/archive/ESL0506/__P7P.HTM,6,2 Samuel,2_Sm,24
278,https://www.vatican.va/archive/ESL0506/__P7Q.HTM,7,2 Samuel,2_Sm,24
279,https://www.vatican.va/archive/ESL0506/__P7R.HTM,8,2 Samuel,2_Sm,24
280,https://www.vatican.va/archive/ESL0506/__P7S.HTM,9,2 Samuel,2_Sm,24
281,https://www.vatican.va/archive/ESL0506/__P7T.HTM,10,2 Samuel,2_Sm,24
282,https://www.vatican.va/archive/ESL0506/__P7U.HTM,11,2 Samuel,2_Sm,24
283,https://www.vatican.va/archive/ESL0506/__P7V.HTM,12,2 Samuel,2_Sm,24
284,https://www.vatican.va/archive/ESL0506/__P7W.HTM,13,2 Samuel,2_Sm,24
285,https://www.vatican.va/archive/ESL0506/__P7X.HTM,14,2 Samuel,2_Sm,24
286,https://www.vatican.va/archive/ESL0506/__P7Y.HTM,15,2 Samuel,2_Sm,24
287,https://www.vatican.va/archive/ESL0506/__P7Z.HTM,16,2 Samuel,2_Sm,24
288,https://www.vatican.va/archive/ESL0506/__P80.HTM,17,2 Samuel,2_Sm,24
289,https://www.vatican.va/archive/ESL0506/__P81.HTM,18,2 Samuel,2_Sm,24
290,https://www.vatican.va/archive/ESL0506/__P82.HTM,19,2 Samuel,2_Sm,24
291,https://www.vatican.va/archive/ESL0506/__P83.HTM,20,2 Samuel,2_Sm,24
292,https://www.vatican.va/archive/ESL0506/__P84.HTM,21,2 Samuel,2_Sm,24
293,https://www.vatican.va/archive/ESL0506/__P85.HTM,22,2 Samuel,2_Sm,24
294,https://www.vatican.va/archive/ESL0506/__P86.HTM,23,2 Samuel,2_Sm,24
295,https://www.vatican.va/archive/ESL0506/__P87.HTM,24,2 Samuel,2_Sm,24
296,https://www.vatican.va/archive/ESL0506/__P88.HTM,0,1 Reyes,1_Re,22
297,https://www.vatican.va/archive/ESL0506/__P89.HTM,1,1 Reyes,1_Re,22
298,https://www.vatican.va/archive/ESL0506/__P8A.HTM,2,1 Reyes,1_Re,22
299,https://www.vatican.va/archive/ESL0506/__P8B.HTM,3,1 Reyes,1_Re,22
300,https://www.vatican.va/archive/ESL0506/__P8C.HTM,4,1 Reyes,1_Re,22
301,https://www.vatican.va/archive/ESL0506/__P8D.HTM,5,1 Reyes,1_Re,22
302,https://www.vatican.va/archive/ESL0506/__P8E.HTM,6,1 Reyes,1_Re,22
303,https://www.vatican.va/archive/ESL0506/__P8F.HTM,7,1 Reyes,1_Re,22
304,https://www.vatican.va/archive/ESL0506/__P8G.HTM,8,1 Reyes,1_Re,22
305,https://www.vatican.va/archive/ESL0506/__P8H.HTM,9,1 Reyes,1_Re,22
306,https://www.vatican.va/archive/ESL0506/__P8I.HTM,10,1 Reyes,1_Re,22
307,https://www.vatican.va/archive/ESL0506/__P8J.HTM,11,1 Reyes,1_Re,22
308,https://www.vatican.va/archive/ESL0506/__P8K.HTM,12,1 Reyes,1_Re,22
309,https://www.vatican.va/archive/ESL0506/__P8L.HTM,13,1 Reyes,1_Re,22
310,https://www.vatican.va/archive/ESL0506/__P8M.HTM,14,1 Reyes,1_Re,22
311,https://www.vatican.va/archive/ESL0506/__P8N.HTM,15,1 Reyes,1_Re,22
312,https://www.vatican.va/archive/ESL0506/__P8O.HTM,16,1 Reyes,1_Re,22
313,https://www.vatican.va/archive/ESL0506/__P8P.HTM,17,1 Reyes,1_Re,22
314,https://www.vatican.va/archive/ESL0506/__P8Q.HTM,18,1 Reyes,1_Re,22
315,https://www.vatican.va/archive/ESL0506/__P8R.HTM,19,1 Reyes,1_Re,22
316,https://www.vatican.va/archive/ESL0506/__P8S.HTM,20,1 Reyes,1_Re,22
317,https://www.vatican.va/archive/ESL0506/__P8T.HTM,21,1 Reyes,1_Re,22
318,https://www.vatican.va/archive/ESL0506/__P8U.HTM,22,1 Reyes,1_Re,22
319,https://www.vatican.va/archive/ESL0506/__P8V.HTM,1,2 Reyes,2_Re,25
320,https://www.vatican.va/archive/ESL0506/__P8W.HTM,2,2 Reyes,2_Re,25
321,https://www.vatican.va/archive/ESL0506/__P8X.HTM,3,2 Reyes,2_Re,25
322,https://www.vatican.va/archive/ESL0506/__P8Y.HTM,4,2 Reyes,2_Re,25
323,https://www.vatican.va/archive/ESL0506/__P8Z.HTM,5,2 Reyes,2_Re,25
324,https://www.vatican.va/archive/ESL0506/__P90.HTM,6,2 Reyes,2_Re,25
325,https://www.vatican.va/archive/ESL0506/__P91.HTM,7,2 Reyes,2_Re,25
326,https://www.vatican.va/archive/ESL0506/__P92.HTM,8,2 Reyes,2_Re,25
327,https://www.vatican.va/archive/ESL0506/__P93.HTM,9,2 Reyes,2_Re,25
328,https://www.vatican.va/archive/ESL0506/__P94.HTM,10,2 Reyes,2_Re,25
329,https://www.vatican.va/archive/ESL0506/__P95.HTM,11,2 Reyes,2_Re,25
330,https://www.vatican.va/archive/ESL0506/__P96.HTM,12,2 Reyes,2_Re,25
331,https://www.vatican.va/archive/ESL0506/__P97.HTM,13,2 Reyes,2_Re,25
332,https://www.vatican.va/archive/ESL0506/__P98.HTM,14,2 Reyes,2_Re,25
333,https://www.vatican.va/archive/ESL0506/__P99.HTM,15,2 Reyes,2_Re,25
334,https://www.vatican.va/archive/ESL0506/__P9A.HTM,16,2 Reyes,2_Re,25
335,https://www.vatican.va/archive/ESL0506/__P9B.HTM,17,2 Reyes,2_Re,25
336,https://www.vatican.va/archive/ESL0506/__P9C.HTM,18,2 Reyes,2_Re,25
337,https://www.vatican.va/archive/ESL0506/__P9D.HTM,19,2 Reyes,2_Re,25
338,https://www.vatican.va/archive/ESL0506/__P9E.HTM,20,2 Reyes,2_Re,25
339,https://www.vatican.va/archive/ESL0506/__P9F.HTM,21,2 Reyes,2_Re,25
340,https://www.vatican.va/archive/ESL0506/__P9G.HTM,22,2 Reyes,2_Re,25
341,https://www.vatican.va/archive/ESL0506/__P9H.HTM,23,2 Reyes,2_Re,25
342,https://www.vatican.va/archive/ESL0506/__P9I.HTM,24,2 Reyes,2_Re,25
343,https://www.vatican.va/archive/ESL0506/__P9J.HTM,25,2 Reyes,2_Re,25
344,https://www.vatican.va/archive/ESL0506/__P9K.HTM,0,Isaías,Is,66
345,https://www.vatican.va/archive/ESL0506/__P9L.HTM,1,Isaías,Is,66
346,https://www.vatican.va/archive/ESL0506/__P9M.HTM,2,Isaías,Is,66
347,https://www.vatican.va/archive/ESL0506/__P9N.HTM,3,Isaías,Is,66
348,https://www.vatican.va/archive/ESL0506/__P9O.HTM,4,Isaías,Is,66
349,https://www.vatican.va/archive/ESL0506/__P9P.HTM,5,Isaías,Is,66
350,https://www.vatican.va/archive/ESL0506/__P9Q.HTM,6,Isaías,Is,66
351,https://www.vatican.va/archive/ESL0506/__P9R.HTM,7,Isaías,Is,66
352,https://www.vatican.va/archive/ESL0506/__P9S.HTM,8,Isaías,Is,66
353,https://www.vatican.va/archive/ESL0506/__P9T.HTM,9,Isaías,Is,66
354,https://www.vatican.va/archive/ESL0506/__P9U.HTM,10,Isaías,Is,66
355,https://www.vatican.va/archive/ESL0506/__P9V.HTM,11,Isaías,Is,66
356,https://www.vatican.va/archive/ESL0506/__P9W.HTM,12,Isaías,Is,66
357,https://www.vatican.va/archive/ESL0506/__P9X.HTM,13,Isaías,Is,66
358,https://www.vatican.va/archive/ESL0506/__P9Y.HTM,14,Isaías,Is,66
359,https://www.vatican.va/archive/ESL0506/__P9Z.HTM,15,Isaías,Is,66
360,https://www.vatican.va/archive/ESL0506/__PA0.HTM,16,Isaías,Is,66
361,https://www.vatican.va/archive/ESL0506/__PA1.HTM,17,Isaías,Is,66
362,https://www.vatican.va/archive/ESL0506/__PA2.HTM,18,Isaías,Is,66
363,https://www.vatican.va/archive/ESL0506/__PA3.HTM,19,Isaías,Is,66
364,https://www.vatican.va/archive/ESL0506/__PA4.HTM,20,Isaías,Is,66
365,https://www.vatican.va/archive/ESL0506/__PA5.HTM,21,Isaías,Is,66
366,https://www.vatican.va/archive/ESL0506/__PA6.HTM,22,Isaías,Is,66
367,https://www.vatican.va/archive/ESL0506/__PA7.HTM,23,Isaías,Is,66
368,https://www.vatican.va/archive/ESL0506/__PA8.HTM,24,Isaías,Is,66
369,https://www.vatican.va/archive/ESL0506/__PA9.HTM,25,Isaías,Is,66
370,https://www.vatican.va/archive/ESL0506/__PAA.HTM,26,Isaías,Is,66
371,https://www.vatican.va/archive/ESL0506/__PAB.HTM,27,Isaías,Is,66
372,https://www.vatican.va/archive/ESL0506/__PAC.HTM,28,Isaías,Is,66
373,https://www.vatican.va/archive/ESL0506/__PAD.HTM,29,Isaías,Is,66
374,https://www.vatican.va/archive/ESL0506/__PAE.HTM,30,Isaías,Is,66
375,https://www.vatican.va/archive/ESL0506/__PAF.HTM,31,Isaías,Is,66
376,https://www.vatican.va/archive/ESL0506/__PAG.HTM,32,Isaías,Is,66
377,https://www.vatican.va/archive/ESL0506/__PAH.HTM,33,Isaías,Is,66
378,https://www.vatican.va/archive/ESL0506/__PAI.HTM,34,Isaías,Is,66
379,https://www.vatican.va/archive/ESL0506/__PAJ.HTM,35,Isaías,Is,66
380,https://www.vatican.va/archive/ESL0506/__PAK.HTM,36,Isaías,Is,66
381,https://www.vatican.va/archive/ESL0506/__PAL.HTM,37,Isaías,Is,66
382,https://www.vatican.va/archive/ESL0506/__PAM.HTM,38,Isaías,Is,66
383,https://www.vatican.va/archive/ESL0506/__PAN.HTM,39,Isaías,Is,66
384,https://www.vatican.va/archive/ESL0506/__PAO.HTM,40,Isaías,Is,66
385,https://www.vatican.va/archive/ESL0506/__PAR.HTM,41,Isaías,Is,66
386,https://www.vatican.va/archive/ESL0506/__PAS.HTM,42,Isaías,Is,66
387,https://www.vatican.va/archive/ESL0506/__PAT.HTM,43,Isaías,Is,66
388,https://www.vatican.va/archive/ESL0506/__PAU.HTM,44,Isaías,Is,66
389,https://www.vatican.va/archive/ESL0506/__PAV.HTM,45,Isaías,Is,66
390,https://www.vatican.va/archive/ESL0506/__PAW.HTM,46,Isaías,Is,66
391,https://www.vatican.va/archive/ESL0506/__PAX.HTM,47,Isaías,Is,66
392,https://www.vatican.va/archive/ESL0506/__PAY.HTM,48,Isaías,Is,66
393,https://www.vatican.va/archive/ESL0506/__PAZ.HTM,49,Isaías,Is,66
394,https://www.vatican.va/archive/ESL0506/__PB0.HTM,50,Isaías,Is,66
395,https://www.vatican.va/archive/ESL0506/__PB1.HTM,51,Isaías,Is,66
396,https://www.vatican.va/archive/ESL0506/__PB2.HTM,52,Isaías,Is,66
397,https://www.vatican.va/archive/ESL0506/__PB3.HTM,53,Isaías,Is,66
398,https://www.vatican.va/archive/ESL0506/__PB4.HTM,54,Isaías,Is,66
399,https://www.vatican.va/archive/ESL0506/__PB5.HTM,55,Isaías,Is,66
400,https://www.vatican.va/archive/ESL0506/__PB6.HTM,56,Isaías,Is,66
401,https://www.vatican.va/archive/ESL0506/__PB7.HTM,57,Isaías,Is,66
402,https://www.vatican.va/archive/ESL0506/__PB8.HTM,58,Isaías,Is,66
403,https://www.vatican.va/archive/ESL0506/__PB9.HTM,59,Isaías,Is,66
404,https://www.vatican.va/archive/ESL0506/__PBA.HTM,60,Isaías,Is,66
405,https://www.vatican.va/archive/ESL0506/__PBB.HTM,61,Isaías,Is,66
406,https://www.vatican.va/archive/ESL0506/__PBC.HTM,62,Isaías,Is,66
407,https://www.vatican.va/archive/ESL0506/__PBD.HTM,63,Isaías,Is,66
408,https://www.vatican.va/archive/ESL0506/__PBE.HTM,64,Isaías,Is,66
409,https://www.vatican.va/archive/ESL0506/__PBF.HTM,65,Isaías,Is,66
410,https://www.vatican.va/archive/ESL0506/__PBG.HTM,66,Isaías,Is,66
411,https://www.vatican.va/archive/ESL0506/__PBH.HTM,1,Jeremías,Jr,52
412,https://www.vatican.va/archive/ESL0506/__PBI.HTM,2,Jeremías,Jr,52
413,https://www.vatican.va/archive/ESL0506/__PBJ.HTM,3,Jeremías,Jr,52
414,https://www.vatican.va/archive/ESL0506/__PBK.HTM,4,Jeremías,Jr,52
415,https://www.vatican.va/archive/ESL0506/__PBL.HTM,5,Jeremías,Jr,52
416,https://www.vatican.va/archive/ESL0506/__PBM.HTM,6,Jeremías,Jr,52
417,https://www.vatican.va/archive/ESL0506/__PBN.HTM,7,Jeremías,Jr,52
418,https://www.vatican.va/archive/ESL0506/__PBO.HTM,8,Jeremías,Jr,52
419,https://www.vatican.va/archive/ESL0506/__PBP.HTM,9,Jeremías,Jr,52
420,https://www.vatican.va/archive/ESL0506/__PBQ.HTM,10,Jeremías,Jr,52
421,https://www.vatican.va/archive/ESL0506/__PBR.HTM,11,Jeremías,Jr,52
422,https://www.vatican.va/archive/ESL0506/__PBS.HTM,12,Jeremías,Jr,52
423,https://www.vatican.va/archive/ESL0506/__PBT.HTM,13,Jeremías,Jr,52
424,https://www.vatican.va/archive/ESL0506/__PBU.HTM,14,Jeremías,Jr,52
425,https://www.vatican.va/archive/ESL0506/__PBV.HTM,15,Jeremías,Jr,52
426,https://www.vatican.va/archive/ESL0506/__PBW.HTM,16,Jeremías,Jr,52
427,https://www.vatican.va/archive/ESL0506/__PBX.HTM,17,Jeremías,Jr,52
428,https://www.vatican.va/archive/ESL0506/__PBY.HTM,18,Jeremías,Jr,52
429,https://www.vatican.va/archive/ESL0506/__PBZ.HTM,19,Jeremías,Jr,52
430,https://www.vatican.va/archive/ESL0506/__PC0.HTM,20,Jeremías,Jr,52
431,https://www.vatican.va/archive/ESL0506/__PC1.HTM,21,Jeremías,Jr,52
432,https://www.vatican.va/archive/ESL0506/__PC2.HTM,22,Jeremías,Jr,52
433,https://www.vatican.va/archive/ESL0506/__PC3.HTM,23,Jeremías,Jr,52
434,https://www.vatican.va/archive/ESL0506/__PC4.HTM,24,Jeremías,Jr,52
435,https://www.vatican.va/archive/ESL0506/__PC5.HTM,25,Jeremías,Jr,52
436,https://www.vatican.va/archive/ESL0506/__PC6.HTM,26,Jeremías,Jr,52
437,https://www.vatican.va/archive/ESL0506/__PC7.HTM,27,Jeremías,Jr,52
438,https://www.vatican.va/archive/ESL0506/__PC8.HTM,28,Jeremías,Jr,52
439,https://www.vatican.va/archive/ESL0506/__PC9.HTM,29,Jeremías,Jr,52
440,https://www.vatican.va/archive/ESL0506/__PCA.HTM,30,Jeremías,Jr,52
441,https://www.vatican.va/archive/ESL0506/__PCB.HTM,31,Jeremías,Jr,52
442,https://www.vatican.va/archive/ESL0506/__PCC.HTM,32,Jeremías,Jr,52
443,https://www.vatican.va/archive/ESL0506/__PCD.HTM,33,Jeremías,Jr,52
444,https://www.vatican.va/archive/ESL0506/__PCE.HTM,34,Jeremías,Jr,52
445,https://www.vatican.va/archive/ESL0506/__PCF.HTM,35,Jeremías,Jr,52
446,https://www.vatican.va/archive/ESL0506/__PCG.HTM,36,Jeremías,Jr,52
447,https://www.vatican.va/archive/ESL0506/__PCH.HTM,37,Jeremías,Jr,52
448,https://www.vatican.va/archive/ESL0506/__PCI.HTM,38,Jeremías,Jr,52
449,https://www.vatican.va/archive/ESL0506/__PCJ.HTM,39,Jeremías,Jr,52
450,https://www.vatican.va/archive/ESL0506/__PCK.HTM,40,Jeremías,Jr,52
451,https://www.vatican.va/archive/ESL0506/__PCL.HTM,41,Jeremías,Jr,52
452,https://www.vatican.va/archive/ESL0506/__PCM.HTM,42,Jeremías,Jr,52
453,https://www.vatican.va/archive/ESL0506/__PCN.HTM,43,Jeremías,Jr,52
454,https://www.vatican.va/archive/ESL0506/__PCQ.HTM,44,Jeremías,Jr,52
455,https://www.vatican.va/archive/ESL0506/__PCR.HTM,45,Jeremías,Jr,52
456,https://www.vatican.va/archive/ESL0506/__PCS.HTM,46,Jeremías,Jr,52
457,https://www.vatican.va/archive/ESL0506/__PCT.HTM,47,Jeremías,Jr,52
458,https://www.vatican.va/archive/ESL0506/__PCU.HTM,48,Jeremías,Jr,52
459,https://www.vatican.va/archive/ESL0506/__PCV.HTM,49,Jeremías,Jr,52
460,https://www.vatican.va/archive/ESL0506/__PCW.HTM,50,Jeremías,Jr,52
461,https://www.vatican.va/archive/ESL0506/__PCX.HTM,51,Jeremías,Jr,52
462,https://www.vatican.va/archive/ESL0506/__PCY.HTM,52,Jeremías,Jr,52
463,https://www.vatican.va/archive/ESL0506/__PCZ.HTM,1,Ezequiel,Ez,48
464,https://www.vatican.va/archive/ESL0506/__PD0.HTM,2,Ezequiel,Ez,48
465,https://www.vatican.va/archive/ESL0506/__PD1.HTM,3,Ezequiel,Ez,48
466,https://www.vatican.va/archive/ESL0506/__PD2.HTM,4,Ezequiel,Ez,48
467,https://www.vatican.va/archive/ESL0506/__PD3.HTM,5,Ezequiel,Ez,48
468,https://www.vatican.va/archive/ESL0506/__PD4.HTM,6,Ezequiel,Ez,48
469,https://www.vatican.va/archive/ESL0506/__PD5.HTM,7,Ezequiel,Ez,48
470,https://www.vatican.va/archive/ESL0506/__PD6.HTM,8,Ezequiel,Ez,48
471,https://www.vatican.va/archive/ESL0506/__PD7.HTM,9,Ezequiel,Ez,48
472,https://www.vatican.va/archive/ESL0506/__PD8.HTM,10,Ezequiel,Ez,48
473,https://www.vatican.va/archive/ESL0506/__PD9.HTM,11,Ezequiel,Ez,48
474,https://www.vatican.va/archive/ESL0506/__PDA.HTM,12,Ezequiel,Ez,48
475,https://www.vatican.va/archive/ESL0506/__PDB.HTM,13,Ezequiel,Ez,48
476,https://www.vatican.va/archive/ESL0506/__PDC.HTM,14,Ezequiel,Ez,48
477,https://www.vatican.va/archive/ESL0506/__PDD.HTM,15,Ezequiel,Ez,48
478,https://www.vatican.va/archive/ESL0506/__PDE.HTM,16,Ezequiel,Ez,48
479,https://www.vatican.va/archive/ESL0506/__PDF.HTM,17,Ezequiel,Ez,48
480,https://www.vatican.va/archive/ESL0506/__PDG.HTM,18,Ezequiel,Ez,48
481,https://www.vatican.va/archive/ESL0506/__PDH.HTM,19,Ezequiel,Ez,48
482,https://www.vatican.va/archive/ESL0506/__PDI.HTM,20,Ezequiel,Ez,48
483,https://www.vatican.va/archive/ESL0506/__PDJ.HTM,21,Ezequiel,Ez,48
484,https://www.vatican.va/archive/ESL0506/__PDK.HTM,22,Ezequiel,Ez,48
485,https://www.vatican.va/archive/ESL0506/__PDL.HTM,23,Ezequiel,Ez,48
486,https://www.vatican.va/archive/ESL0506/__PDM.HTM,24,Ezequiel,Ez,48
487,https://www.vatican.va/archive/ESL0506/__PDN.HTM,25,Ezequiel,Ez,48
488,https://www.vatican.va/archive/ESL0506/__PDO.HTM,26,Ezequiel,Ez,48
489,https://www.vatican.va/archive/ESL0506/__PDP.HTM,27,Ezequiel,Ez,48
490,https://www.vatican.va/archive/ESL0506/__PDQ.HTM,28,Ezequiel,Ez,48
491,https://www.vatican.va/archive/ESL0506/__PDR.HTM,29,Ezequiel,Ez,48
492,https://www.vatican.va/archive/ESL0506/__PDS.HTM,30,Ezequiel,Ez,48
493,https://www.vatican.va/archive/ESL0506/__PDT.HTM,31,Ezequiel,Ez,48
494,https://www.vatican.va/archive/ESL0506/__PDU.HTM,32,Ezequiel,Ez,48
495,https://www.vatican.va/archive/ESL0506/__PDV.HTM,33,Ezequiel,Ez,48
496,https://www.vatican.va/archive/ESL0506/__PDW.HTM,34,Ezequiel,Ez,48
497,https://www.vatican.va/archive/ESL0506/__PDX.HTM,35,Ezequiel,Ez,48
498,https://www.vatican.va/archive/ESL0506/__PDY.HTM,36,Ezequiel,Ez,48
499,https://www.vatican.va/archive/ESL0506/__PDZ.HTM,37,Ezequiel,Ez,48
500,https://www.vatican.va/archive/ESL0506/__PE0.HTM,38,Ezequiel,Ez,48
501,https://www.vatican.va/archive/ESL0506/__PE1.HTM,39,Ezequiel,Ez,48
502,https://www.vatican.va/archive/ESL0506/__PE2.HTM,40,Ezequiel,Ez,48
503,https://www.vatican.va/archive/ESL0506/__PE3.HTM,41,Ezequiel,Ez,48
504,https://www.vatican.va/archive/ESL0506/__PE4.HTM,42,Ezequiel,Ez,48
505,https://www.vatican.va/archive/ESL0506/__PE5.HTM,43,Ezequiel,Ez,48
506,https://www.vatican.va/archive/ESL0506/__PE6.HTM,44,Ezequiel,Ez,48
507,https://www.vatican.va/archive/ESL0506/__PE7.HTM,45,Ezequiel,Ez,48
508,https://www.vatican.va/archive/ESL0506/__PE8.HTM,46,Ezequiel,Ez,48
509,https://www.vatican.va/archive/ESL0506/__PE9.HTM,47,Ezequiel,Ez,48
510,https://www.vatican.va/archive/ESL0506/__PEA.HTM,48,Ezequiel,Ez,48
511,https://www.vatican.va/archive/ESL0506/__PEB.HTM,1,Oseas,Os,14
512,https://www.vatican.va/archive/ESL0506/__PEC.HTM,2,Oseas,Os,14
513,https://www.vatican.va/archive/ESL0506/__PED.HTM,3,Oseas,Os,14
514,https://www.vatican.va/archive/ESL0506/__PEE.HTM,4,Oseas,Os,14
515,https://www.vatican.va/archive/ESL0506/__PEF.HTM,5,Oseas,Os,14
516,https://www.vatican.va/archive/ESL0506/__PEG.HTM,6,Oseas,Os,14
517,https://www.vatican.va/archive/ESL0506/__PEH.HTM,7,Oseas,Os,14
518,https://www.vatican.va/archive/ESL0506/__PEI.HTM,8,Oseas,Os,14
519,https://www.vatican.va/archive/ESL0506/__PEJ.HTM,9,Oseas,Os,14
520,https://www.vatican.va/archive/ESL0506/__PEK.HTM,10,Oseas,Os,14
521,https://www.vatican.va/archive/ESL0506/__PEL.HTM,11,Oseas,Os,14
522,https://www.vatican.va/archive/ESL0506/__PEM.HTM,12,Oseas,Os,14
523,https://www.vatican.va/archive/ESL0506/__PEN.HTM,13,Oseas,Os,14
524,https://www.vatican.va/archive/ESL0506/__PEO.HTM,14,Oseas,Os,14
525,https://www.vatican.va/archive/ESL0506/__PEP.HTM,1,Joel,Jl,4
526,https://www.vatican.va/archive/ESL0506/__PEQ.HTM,2,Joel,Jl,4
527,https://www.vatican.va/archive/ESL0506/__PER.HTM,3,Joel,Jl,4
528,https://www.vatican.va/archive/ESL0506/__PES.HTM,4,Joel,Jl,4
529,https://www.vatican.va/archive/ESL0506/__PET.HTM,1,Amós,Am,9
530,https://www.vatican.va/archive/ESL0506/__PEU.HTM,2,Amós,Am,9
531,https://www.vatican.va/archive/ESL0506/__PEV.HTM,3,Amós,Am,9
532,https://www.vatican.va/archive/ESL0506/__PEW.HTM,4,Amós,Am,9
533,https://www.vatican.va/archive/ESL0506/__PEX.HTM,5,Amós,Am,9
534,https://www.vatican.va/archive/ESL0506/__PEY.HTM,6,Amós,Am,9
535,https://www.vatican.va/archive/ESL0506/__PEZ.HTM,7,Amós,Am,9
536,https://www.vatican.va/archive/ESL0506/__PF0.HTM,8,Amós,Am,9
537,https://www.vatican.va/archive/ESL0506/__PF1.HTM,9,Amós,Am,9
538,https://www.vatican.va/archive/ESL0506/__PF2.HTM,1,Abdías,Abd,1
539,https://www.vatican.va/archive/ESL0506/__PF3.HTM,1,Jonás,Jon,4
540,https://www.vatican.va/archive/ESL0506/__PF4.HTM,2,Jonás,Jon,4
541,https://www.vatican.va/archive/ESL0506/__PF5.HTM,3,Jonás,Jon,4
542,https://www.vatican.va/archive/ESL0506/__PF6.HTM,4,Jonás,Jon,4
543,https://www.vatican.va/archive/ESL0506/__PF7.HTM,1,Miqueas,Mi,7
544,https://www.vatican.va/archive/ESL0506/__PF8.HTM,2,Miqueas,Mi,7
545,https://www.vatican.va/archive/ESL0506/__PF9.HTM,3,Miqueas,Mi,7
546,https://www.vatican.va/archive/ESL0506/__PFA.HTM,4,Miqueas,Mi,7
547,https://www.vatican.va/archive/ESL0506/__PFB.HTM,5,Miqueas,Mi,7
548,https://www.vatican.va/archive/ESL0506/__PFC.HTM,6,Miqueas,Mi,7
549,https://www.vatican.va/archive/ESL0506/__PFD.HTM,7,Miqueas,Mi,7
550,https://www.vatican.va/archive/ESL0506/__PFE.HTM,1,Nahún,Na,3
551,https://www.vatican.va/archive/ESL0506/__PFF.HTM,2,Nahún,Na,3
552,https://www.vatican.va/archive/ESL0506/__PFG.HTM,3,Nahún,Na,3
553,https://www.vatican.va/archive/ESL0506/__PFH.HTM,1,Habacuc,Hab,3
554,https://www.vatican.va/archive/ESL0506/__PFI.HTM,2,Habacuc,Hab,3
555,https://www.vatican.va/archive/ESL0506/__PFJ.HTM,3,Habacuc,Hab,3
556,https://www.vatican.va/archive/ESL0506/__PFK.HTM,1,Sofonías,So,3
557,https://www.vatican.va/archive/ESL0506/__PFL.HTM,2,Sofonías,So,3
558,https://www.vatican.va/archive/ESL0506/__PFM.HTM,3,Sofonías,So,3
559,https://www.vatican.va/archive/ESL0506/__PFN.HTM,1,Ageo,Ag,2
560,https://www.vatican.va/archive/ESL0506/__PFO.HTM,2,Ageo,Ag,2
561,https://www.vatican.va/archive/ESL0506/__PFP.HTM,1,Zacarías,Za,14
562,https://www.vatican.va/archive/ESL0506/__PFQ.HTM,2,Zacarías,Za,14
563,https://www.vatican.va/archive/ESL0506/__PFR.HTM,3,Zacarías,Za,14
564,https://www.vatican.va/archive/ESL0506/__PFS.HTM,4,Zacarías,Za,14
565,https://www.vatican.va/archive/ESL0506/__PFT.HTM,5,Zacarías,Za,14
566,https://www.vatican.va/archive/ESL0506/__PFU.HTM,6,Zacarías,Za,14
567,https://www.vatican.va/archive/ESL0506/__PFV.HTM,7,Zacarías,Za,14
568,https://www.vatican.va/archive/ESL0506/__PFW.HTM,8,Zacarías,Za,14
569,https://www.vatican.va/archive/ESL0506/__PFX.HTM,9,Zacarías,Za,14
570,https://www.vatican.va/archive/ESL0506/__PFY.HTM,10,Zacarías,Za,14
571,https://www.vatican.va/archive/ESL0506/__PFZ.HTM,11,Zacarías,Za,14
572,https://www.vatican.va/archive/ESL0506/__PG0.HTM,12,Zacarías,Za,14
573,https://www.vatican.va/archive/ESL0506/__PG1.HTM,13,Zacarías,Za,14
574,https://www.vatican.va/archive/ESL0506/__PG2.HTM,14,Zacarías,Za,14
575,https://www.vatican.va/archive/ESL0506/__PG3.HTM,1,Malaquías,Mal,3
576,https://www.vatican.va/archive/ESL0506/__PG4.HTM,2,Malaquías,Mal,3
577,https://www.vatican.va/archive/ESL0506/__PG5.HTM,3,Malaquías,Mal,3
578,https://www.vatican.va/archive/ESL0506/__PG6.HTM,1,Salmos,Sal,150
579,https://www.vatican.va/archive/ESL0506/__PG7.HTM,2,Salmos,Sal,150
580,https://www.vatican.va/archive/ESL0506/__PG8.HTM,3,Salmos,Sal,150
581,https://www.vatican.va/archive/ESL0506/__PG9.HTM,4,Salmos,Sal,150
582,https://www.vatican.va/archive/ESL0506/__PGA.HTM,5,Salmos,Sal,150
583,https://www.vatican.va/archive/ESL0506/__PGB.HTM,6,Salmos,Sal,150
584,https://www.vatican.va/archive/ESL0506/__PGC.HTM,7,Salmos,Sal,150
585,https://www.vatican.va/archive/ESL0506/__PGD.HTM,8,Salmos,Sal,150
586,https://www.vatican.va/archive/ESL0506/__PGE.HTM,9,Salmos,Sal,150
587,https://www.vatican.va/archive/ESL0506/__PGF.HTM,10,Salmos,Sal,150
588,https://www.vatican.va/archive/ESL0506/__PGG.HTM,11,Salmos,Sal,150
589,https://www.vatican.va/archive/ESL0506/__PGH.HTM,12,Salmos,Sal,150
590,https://www.vatican.va/archive/ESL0506/__PGI.HTM,13,Salmos,Sal,150
591,https://www.vatican.va/archive/ESL0506/__PGJ.HTM,14,Salmos,Sal,150
592,https://www.vatican.va/archive/ESL0506/__PGK.HTM,15,Salmos,Sal,150
593,https://www.vatican.va/archive/ESL0506/__PGL.HTM,16,Salmos,Sal,150
594,https://www.vatican.va/archive/ESL0506/__PGM.HTM,17,Salmos,Sal,150
595,https://www.vatican.va/archive/ESL0506/__PGN.HTM,18,Salmos,Sal,150
596,https://www.vatican.va/archive/ESL0506/__PGO.HTM,19,Salmos,Sal,150
597,https://www.vatican.va/archive/ESL0506/__PGP.HTM,20,Salmos,Sal,150
598,https://www.vatican.va/archive/ESL0506/__PGQ.HTM,21,Salmos,Sal,150
599,https://www.vatican.va/archive/ESL0506/__PGR.HTM,22,Salmos,Sal,150
600,https://www.vatican.va/archive/ESL0506/__PGS.HTM,23,Salmos,Sal,150
601,https://www.vatican.va/archive/ESL0506/__PGT.HTM,24,Salmos,Sal,150
602,https://www.vatican.va/archive/ESL0506/__PGU.HTM,25,Salmos,Sal,150
603,https://www.vatican.va/archive/ESL0506/__PGV.HTM,26,Salmos,Sal,150
604,https://www.vatican.va/archive/ESL0506/__PGW.HTM,27,Salmos,Sal,150
605,https://www.vatican.va/archive/ESL0506/__PGX.HTM,28,Salmos,Sal,150
606,https://www.vatican.va/archive/ESL0506/__PGY.HTM,29,Salmos,Sal,150
607,https://www.vatican.va/archive/ESL0506/__PGZ.HTM,30,Salmos,Sal,150
608,https://www.vatican.va/archive/ESL0506/__PH0.HTM,31,Salmos,Sal,150
609,https://www.vatican.va/archive/ESL0506/__PH1.HTM,32,Salmos,Sal,150
610,https://www.vatican.va/archive/ESL0506/__PH2.HTM,33,Salmos,Sal,150
611,https://www.vatican.va/archive/ESL0506/__PH3.HTM,34,Salmos,Sal,150
612,https://www.vatican.va/archive/ESL0506/__PH4.HTM,35,Salmos,Sal,150
613,https://www.vatican.va/archive/ESL0506/__PH5.HTM,36,Salmos,Sal,150
614,https://www.vatican.va/archive/ESL0506/__PH6.HTM,37,Salmos,Sal,150
615,https://www.vatican.va/archive/ESL0506/__PH7.HTM,38,Salmos,Sal,150
616,https://www.vatican.va/archive/ESL0506/__PH8.HTM,39,Salmos,Sal,150
617,https://www.vatican.va/archive/ESL0506/__PH9.HTM,40,Salmos,Sal,150
618,https://www.vatican.va/archive/ESL0506/__PHA.HTM,41,Salmos,Sal,150
619,https://www.vatican.va/archive/ESL0506/__PHB.HTM,42,Salmos,Sal,150
620,https://www.vatican.va/archive/ESL0506/__PHC.HTM,43,Salmos,Sal,150
621,https://www.vatican.va/archive/ESL0506/__PHD.HTM,44,Salmos,Sal,150
622,https://www.vatican.va/archive/ESL0506/__PHE.HTM,45,Salmos,Sal,150
623,https://www.vatican.va/archive/ESL0506/__PHF.HTM,46,Salmos,Sal,150
624,https://www.vatican.va/archive/ESL0506/__PHG.HTM,47,Salmos,Sal,150
625,https://www.vatican.va/archive/ESL0506/__PHH.HTM,48,Salmos,Sal,150
626,https://www.vatican.va/archive/ESL0506/__PHI.HTM,49,Salmos,Sal,150
627,https://www.vatican.va/archive/ESL0506/__PHJ.HTM,50,Salmos,Sal,150
628,https://www.vatican.va/archive/ESL0506/__PHK.HTM,51,Salmos,Sal,150
629,https://www.vatican.va/archive/ESL0506/__PHL.HTM,52,Salmos,Sal,150
630,https://www.vatican.va/archive/ESL0506/__PHM.HTM,53,Salmos,Sal,150
631,https://www.vatican.va/archive/ESL0506/__PHN.HTM,54,Salmos,Sal,150
632,https://www.vatican.va/archive/ESL0506/__PHO.HTM,55,Salmos,Sal,150
633,https://www.vatican.va/archive/ESL0506/__PHP.HTM,56,Salmos,Sal,150
634,https://www.vatican.va/archive/ESL0506/__PHQ.HTM,57,Salmos,Sal,150
635,https://www.vatican.va/archive/ESL0506/__PHR.HTM,58,Salmos,Sal,150
636,https://www.vatican.va/archive/ESL0506/__PHS.HTM,59,Salmos,Sal,150
637,https://www.vatican.va/archive/ESL0506/__PHT.HTM,60,Salmos,Sal,150
638,https://www.vatican.va/archive/ESL0506/__PHU.HTM,61,Salmos,Sal,150
639,https://www.vatican.va/archive/ESL0506/__PHV.HTM,62,Salmos,Sal,150
640,https://www.vatican.va/archive/ESL0506/__PHW.HTM,63,Salmos,Sal,150
641,https://www.vatican.va/archive/ESL0506/__PHX.HTM,64,Salmos,Sal,150
642,https://www.vatican.va/archive/ESL0506/__PHY.HTM,65,Salmos,Sal,150
643,https://www.vatican.va/archive/ESL0506/__PHZ.HTM,66,Salmos,Sal,150
644,https://www.vatican.va/archive/ESL0506/__PI0.HTM,67,Salmos,Sal,150
645,https://www.vatican.va/archive/ESL0506/__PI1.HTM,68,Salmos,Sal,150
646,https://www.vatican.va/archive/ESL0506/__PI2.HTM,69,Salmos,Sal,150
647,https://www.vatican.va/archive/ESL0506/__PI3.HTM,70,Salmos,Sal,150
648,https://www.vatican.va/archive/ESL0506/__PI4.HTM,71,Salmos,Sal,150
649,https://www.vatican.va/archive/ESL0506/__PI5.HTM,72,Salmos,Sal,150
650,https://www.vatican.va/archive/ESL0506/__PI6.HTM,73,Salmos,Sal,150
651,https://www.vatican.va/archive/ESL0506/__PI7.HTM,74,Salmos,Sal,150
652,https://www.vatican.va/archive/ESL0506/__PI8.HTM,75,Salmos,Sal,150
653,https://www.vatican.va/archive/ESL0506/__PI9.HTM,76,Salmos,Sal,150
654,https://www.vatican.va/archive/ESL0506/__PIA.HTM,77,Salmos,Sal,150
655,https://www.vatican.va/archive/ESL0506/__PIB.HTM,78,Salmos,Sal,150
656,https://www.vatican.va/archive/ESL0506/__PIC.HTM,79,Salmos,Sal,150
657,https://www.vatican.va/archive/ESL0506/__PID.HTM,80,Salmos,Sal,150
658,https://www.vatican.va/archive/ESL0506/__PIE.HTM,81,Salmos,Sal,150
659,https://www.vatican.va/archive/ESL0506/__PIF.HTM,82,Salmos,Sal,150
660,https://www.vatican.va/archive/ESL0506/__PIG.HTM,83,Salmos,Sal,150
661,https://www.vatican.va/archive/ESL0506/__PIH.HTM,84,Salmos,Sal,150
662,https://www.vatican.va/archive/ESL0506/__PII.HTM,85,Salmos,Sal,150
663,https://www.vatican.va/archive/ESL0506/__PIJ.HTM,86,Salmos,Sal,150
664,https://www.vatican.va/archive/ESL0506/__PIK.HTM,87,Salmos,Sal,150
665,https://www.vatican.va/archive/ESL0506/__PIL.HTM,88,Salmos,Sal,150
666,https://www.vatican.va/archive/ESL0506/__PIM.HTM,89,Salmos,Sal,150
667,https://www.vatican.va/archive/ESL0506/__PIN.HTM,90,Salmos,Sal,150
668,https://www.vatican.va/archive/ESL0506/__PIO.HTM,91,Salmos,Sal,150
669,https://www.vatican.va/archive/ESL0506/__PIP.HTM,92,Salmos,Sal,150
670,https://www.vatican.va/archive/ESL0506/__PIQ.HTM,93,Salmos,Sal,150
671,https://www.vatican.va/archive/ESL0506/__PIR.HTM,94,Salmos,Sal,150
672,https://www.vatican.va/archive/ESL0506/__PIS.HTM,95,Salmos,Sal,150
673,https://www.vatican.va/archive/ESL0506/__PIT.HTM,96,Salmos,Sal,150
674,https://www.vatican.va/archive/ESL0506/__PIU.HTM,97,Salmos,Sal,150
675,https://www.vatican.va/archive/ESL0506/__PIV.HTM,98,Salmos,Sal,150
676,https://www.vatican.va/archive/ESL0506/__PIW.HTM,99,Salmos,Sal,150
677,https://www.vatican.va/archive/ESL0506/__PIX.HTM,100,Salmos,Sal,150
678,https://www.vatican.va/archive/ESL0506/__PIY.HTM,101,Salmos,Sal,150
679,https://www.vatican.va/archive/ESL0506/__PIZ.HTM,102,Salmos,Sal,150
680,https://www.vatican.va/archive/ESL0506/__PJ0.HTM,103,Salmos,Sal,150
681,https://www.vatican.va/archive/ESL0506/__PJ1.HTM,104,Salmos,Sal,150
682,https://www.vatican.va/archive/ESL0506/__PJ2.HTM,105,Salmos,Sal,150
683,https://www.vatican.va/archive/ESL0506/__PJ3.HTM,106,Salmos,Sal,150
684,https://www.vatican.va/archive/ESL0506/__PJ4.HTM,107,Salmos,Sal,150
685,https://www.vatican.va/archive/ESL0506/__PJ5.HTM,108,Salmos,Sal,150
686,https://www.vatican.va/archive/ESL0506/__PJ6.HTM,109,Salmos,Sal,150
687,https://www.vatican.va/archive/ESL0506/__PJ7.HTM,110,Salmos,Sal,150
688,https://www.vatican.va/archive/ESL0506/__PJ8.HTM,111,Salmos,Sal,150
689,https://www.vatican.va/archive/ESL0506/__PJ9.HTM,112,Salmos,Sal,150
690,https://www.vatican.va/archive/ESL0506/__PJA.HTM,113,Salmos,Sal,150
691,https://www.vatican.va/archive/ESL0506/__PJB.HTM,114,Salmos,Sal,150
692,https://www.vatican.va/archive/ESL0506/__PJC.HTM,115,Salmos,Sal,150
693,https://www.vatican.va/archive/ESL0506/__PJD.HTM,116,Salmos,Sal,150
694,https://www.vatican.va/archive/ESL0506/__PJE.HTM,117,Salmos,Sal,150
695,https://www.vatican.va/archive/ESL0506/__PJF.HTM,118,Salmos,Sal,150
696,https://www.vatican.va/archive/ESL0506/__PJG.HTM,119,Salmos,Sal,150
697,https://www.vatican.va/archive/ESL0506/__PJH.HTM,120,Salmos,Sal,150
698,https://www.vatican.va/archive/ESL0506/__PJI.HTM,121,Salmos,Sal,150
699,https://www.vatican.va/archive/ESL0506/__PJJ.HTM,122,Salmos,Sal,150
700,https://www.vatican.va/archive/ESL0506/__PJK.HTM,123,Salmos,Sal,150
701,https://www.vatican.va/archive/ESL0506/__PJL.HTM,124,Salmos,Sal,150
702,https://www.vatican.va/archive/ESL0506/__PJM.HTM,125,Salmos,Sal,150
703,https://www.vatican.va/archive/ESL0506/__PJN.HTM,126,Salmos,Sal,150
704,https://www.vatican.va/archive/ESL0506/__PJO.HTM,127,Salmos,Sal,150
705,https://www.vatican.va/archive/ESL0506/__PJP.HTM,128,Salmos,Sal,150
706,https://www.vatican.va/archive/ESL0506/__PJQ.HTM,129,Salmos,Sal,150
707,https://www.vatican.va/archive/ESL0506/__PJR.HTM,130,Salmos,Sal,150
708,https://www.vatican.va/archive/ESL0506/__PJS.HTM,131,Salmos,Sal,150
709,https://www.vatican.va/archive/ESL0506/__PJT.HTM,132,Salmos,Sal,150
710,https://www.vatican.va/archive/ESL0506/__PJU.HTM,133,Salmos,Sal,150
711,https://www.vatican.va/archive/ESL0506/__PJV.HTM,134,Salmos,Sal,150
712,https://www.vatican.va/archive/ESL0506/__PJW.HTM,135,Salmos,Sal,150
713,https://www.vatican.va/archive/ESL0506/__PJX.HTM,136,Salmos,Sal,150
714,https://www.vatican.va/archive/ESL0506/__PJY.HTM,137,Salmos,Sal,150
715,https://www.vatican.va/archive/ESL0506/__PJZ.HTM,138,Salmos,Sal,150
716,https://www.vatican.va/archive/ESL0506/__PK0.HTM,139,Salmos,Sal,150
717,https://www.vatican.va/archive/ESL0506/__PK1.HTM,140,Salmos,Sal,150
718,https://www.vatican.va/archive/ESL0506/__PK2.HTM,141,Salmos,Sal,150
719,https://www.vatican.va/archive/ESL0506/__PK3.HTM,142,Salmos,Sal,150
720,https://www.vatican.va/archive/ESL0506/__PK4.HTM,143,Salmos,Sal,150
721,https://www.vatican.va/archive/ESL0506/__PK5.HTM,144,Salmos,Sal,150
722,https://www.vatican.va/archive/ESL0506/__PK6.HTM,145,Salmos,Sal,150
723,https://www.vatican.va/archive/ESL0506/__PK7.HTM,146,Salmos,Sal,150
724,https://www.vatican.va/archive/ESL0506/__PK8.HTM,147,Salmos,Sal,150
725,https://www.vatican.va/archive/ESL0506/__PK9.HTM,148,Salmos,Sal,150
726,https://www.vatican.va/archive/ESL0506/__PKA.HTM,149,Salmos,Sal,150
727,https://www.vatican.va/archive/ESL0506/__PKB.HTM,150,Salmos,Sal,150
728,https://www.vatican.va/archive/ESL0506/__PKC.HTM,1,Job,Job,42
729,https://www.vatican.va/archive/ESL0506/__PKD.HTM,2,Job,Job,42
730,https://www.vatican.va/archive/ESL0506/__PKE.HTM,3,Job,Job,42
731,https://www.vatican.va/archive/ESL0506/__PKF.HTM,4,Job,Job,42
732,https://www.vatican.va/archive/ESL0506/__PKG.HTM,5,Job,Job,42
733,https://www.vatican.va/archive/ESL0506/__PKH.HTM,6,Job,Job,42
734,https://www.vatican.va/archive/ESL0506/__PKI.HTM,7,Job,Job,42
735,https://www.vatican.va/archive/ESL0506/__PKJ.HTM,8,Job,Job,42
736,https://www.vatican.va/archive/ESL0506/__PKK.HTM,9,Job,Job,42
737,https://www.vatican.va/archive/ESL0506/__PKL.HTM,10,Job,Job,42
738,https://www.vatican.va/archive/ESL0506/__PKM.HTM,11,Job,Job,42
739,https://www.vatican.va/archive/ESL0506/__PKN.HTM,12,Job,Job,42
740,https://www.vatican.va/archive/ESL0506/__PKO.HTM,13,Job,Job,42
741,https://www.vatican.va/archive/ESL0506/__PKP.HTM,14,Job,Job,42
742,https://www.vatican.va/archive/ESL0506/__PKQ.HTM,15,Job,Job,42
743,https://www.vatican.va/archive/ESL0506/__PKR.HTM,16,Job,Job,42
744,https://www.vatican.va/archive/ESL0506/__PKS.HTM,17,Job,Job,42
745,https://www.vatican.va/archive/ESL0506/__PKT.HTM,18,Job,Job,42
746,https://www.vatican.va/archive/ESL0506/__PKU.HTM,19,Job,Job,42
747,https://www.vatican.va/archive/ESL0506/__PKV.HTM,20,Job,Job,42
748,https://www.vatican.va/archive/ESL0506/__PKW.HTM,21,Job,Job,42
749,https://www.vatican.va/archive/ESL0506/__PKX.HTM,22,Job,Job,42
750,https://www.vatican.va/archive/ESL0506/__PKY.HTM,23,Job,Job,42
751,https://www.vatican.va/archive/ESL0506/__PKZ.HTM,24,Job,Job,42
752,https://www.vatican.va/archive/ESL0506/__PL0.HTM,25,Job,Job,42
753,https://www.vatican.va/archive/ESL0506/__PL1.HTM,26,Job,Job,42
754,https://www.vatican.va/archive/ESL0506/__PL2.HTM,27,Job,Job,42
755,https://www.vatican.va/archive/ESL0506/__PL4.HTM,28,Job,Job,42
756,https://www.vatican.va/archive/ESL0506/__PL5.HTM,29,Job,Job,42
757,https://www.vatican.va/archive/ESL0506/__PL6.HTM,30,Job,Job,42
758,https://www.vatican.va/archive/ESL0506/__PL7.HTM,31,Job,Job,42
759,https://www.vatican.va/archive/ESL0506/__PL8.HTM,32,Job,Job,42
760,https://www.vatican.va/archive/ESL0506/__PL9.HTM,33,Job,Job,42
761,https://www.vatican.va/archive/ESL0506/__PLA.HTM,34,Job,Job,42
762,https://www.vatican.va/archive/ESL0506/__PLB.HTM,35,Job,Job,42
763,https://www.vatican.va/archive/ESL0506/__PLC.HTM,36,Job,Job,42
764,https://www.vatican.va/archive/ESL0506/__PLD.HTM,37,Job,Job,42
765,https://www.vatican.va/archive/ESL0506/__PLE.HTM,38,Job,Job,42
766,https://www.vatican.va/archive/ESL0506/__PLF.HTM,39,Job,Job,42
767,https://www.vatican.va/archive/ESL0506/__PLG.HTM,40,Job,Job,42
768,https://www.vatican.va/archive/ESL0506/__PLH.HTM,41,Job,Job,42
769,https://www.vatican.va/archive/ESL0506/__PLI.HTM,42,Job,Job,42
770,https://www.vatican.va/archive/ESL0506/__PLJ.HTM,1,Proverbios,Pr,31
771,https://www.vatican.va/archive/ESL0506/__PLK.HTM,2,Proverbios,Pr,31
772,https://www.vatican.va/archive/ESL0506/__PLL.HTM,3,Proverbios,Pr,31
773,https://www.vatican.va/archive/ESL0506/__PLM.HTM,4,Proverbios,Pr,31
774,https://www.vatican.va/archive/ESL0506/__PLN.HTM,5,Proverbios,Pr,31
775,https://www.vatican.va/archive/ESL0506/__PLO.HTM,6,Proverbios,Pr,31
776,https://www.vatican.va/archive/ESL0506/__PLP.HTM,7,Proverbios,Pr,31
777,https://www.vatican.va/archive/ESL0506/__PLQ.HTM,8,Proverbios,Pr,31
778,https://www.vatican.va/archive/ESL0506/__PLR.HTM,9,Proverbios,Pr,31
779,https://www.vatican.va/archive/ESL0506/__PLS.HTM,10,Proverbios,Pr,31
780,https://www.vatican.va/archive/ESL0506/__PLT.HTM,11,Proverbios,Pr,31
781,https://www.vatican.va/archive/ESL0506/__PLU.HTM,12,Proverbios,Pr,31
782,https://www.vatican.va/archive/ESL0506/__PLV.HTM,13,Proverbios,Pr,31
783,https://www.vatican.va/archive/ESL0506/__PLW.HTM,14,Proverbios,Pr,31
784,https://www.vatican.va/archive/ESL0506/__PLX.HTM,15,Proverbios,Pr,31
785,https://www.vatican.va/archive/ESL0506/__PLY.HTM,16,Proverbios,Pr,31
786,https://www.vatican.va/archive/ESL0506/__PLZ.HTM,17,Proverbios,Pr,31
787,https://www.vatican.va/archive/ESL0506/__PM0.HTM,18,Proverbios,Pr,31
788,https://www.vatican.va/archive/ESL0506/__PM1.HTM,19,Proverbios,Pr,31
789,https://www.vatican.va/archive/ESL0506/__PM2.HTM,20,Proverbios,Pr,31
790,https://www.vatican.va/archive/ESL0506/__PM3.HTM,21,Proverbios,Pr,31
791,https://www.vatican.va/archive/ESL0506/__PM4.HTM,22,Proverbios,Pr,31
792,https://www.vatican.va/archive/ESL0506/__PM5.HTM,23,Proverbios,Pr,31
793,https://www.vatican.va/archive/ESL0506/__PM6.HTM,24,Proverbios,Pr,31
794,https://www.vatican.va/archive/ESL0506/__PM7.HTM,25,Proverbios,Pr,31
795,https://www.vatican.va/archive/ESL0506/__PM8.HTM,26,Proverbios,Pr,31
796,https://www.vatican.va/archive/ESL0506/__PM9.HTM,27,Proverbios,Pr,31
797,https://www.vatican.va/archive/ESL0506/__PMA.HTM,28,Proverbios,Pr,31
798,https://www.vatican.va/archive/ESL0506/__PMB.HTM,29,Proverbios,Pr,31
799,https://www.vatican.va/archive/ESL0506/__PMC.HTM,30,Proverbios,Pr,31
800,https://www.vatican.va/archive/ESL0506/__PMD.HTM,31,Proverbios,Pr,31
801,https://www.vatican.va/archive/ESL0506/__PME.HTM,1,Rut,Rt,4
802,https://www.vatican.va/archive/ESL0506/__PMF.HTM,2,Rut,Rt,4
803,https://www.vatican.va/archive/ESL0506/__PMG.HTM,3,Rut,Rt,4
804,https://www.vatican.va/archive/ESL0506/__PMH.HTM,4,Rut,Rt,4
805,https://www.vatican.va/archive/ESL0506/__PMI.HTM,1,Cantar de los Cantares,Cant,8
806,https://www.vatican.va/archive/ESL0506/__PMJ.HTM,2,Cantar de los Cantares,Cant,8
807,https://www.vatican.va/archive/ESL0506/__PMK.HTM,3,Cantar de los Cantares,Cant,8
808,https://www.vatican.va/archive/ESL0506/__PML.HTM,4,Cantar de los Cantares,Cant,8
809,https://www.vatican.va/archive/ESL0506/__PMM.HTM,5,Cantar de los Cantares,Cant,8
810,https://www.vatican.va/archive/ESL0506/__PMN.HTM,6,Cantar de los Cantares,Cant,8
811,https://www.vatican.va/archive/ESL0506/__PMO.HTM,7,Cantar de los Cantares,Cant,8
812,https://www.vatican.va/archive/ESL0506/__PMP.HTM,8,Cantar de los Cantares,Cant,8
813,https://www.vatican.va/archive/ESL0506/__PMQ.HTM,1,Eclesiastés,Ec,12
814,https://www.vatican.va/archive/ESL0506/__PMR.HTM,2,Eclesiastés,Ec,12
815,https://www.vatican.va/archive/ESL0506/__PMS.HTM,3,Eclesiastés,Ec,12
816,https://www.vatican.va/archive/ESL0506/__PMT.HTM,4,Eclesiastés,Ec,12
817,https://www.vatican.va/archive/ESL0506/__PMU.HTM,5,Eclesiastés,Ec,12
818,https://www.vatican.va/archive/ESL0506/__PMV.HTM,6,Eclesiastés,Ec,12
819,https://www.vatican.va/archive/ESL0506/__PMW.HTM,7,Eclesiastés,Ec,12
820,https://www.vatican.va/archive/ESL0506/__PMX.HTM,8,Eclesiastés,Ec,12
821,https://www.vatican.va/archive/ESL0506/__PMY.HTM,9,Eclesiastés,Ec,12
822,https://www.vatican.va/archive/ESL0506/__PMZ.HTM,10,Eclesiastés,Ec,12
823,https://www.vatican.va/archive/ESL0506/__PN0.HTM,11,Eclesiastés,Ec,12
824,https://www.vatican.va/archive/ESL0506/__PN1.HTM,12,Eclesiastés,Ec,12
825,https://www.vatican.va/archive/ESL0506/__PN2.HTM,1,Lamentaciones,Lam,5
826,https://www.vatican.va/archive/ESL0506/__PN3.HTM,2,Lamentaciones,Lam,5
827,https://www.vatican.va/archive/ESL0506/__PN4.HTM,3,Lamentaciones,Lam,5
828,https://www.vatican.va/archive/ESL0506/__PN5.HTM,4,Lamentaciones,Lam,5
829,https://www.vatican.va/archive/ESL0506/__PN6.HTM,5,Lamentaciones,Lam,5
830,https://www.vatican.va/archive/ESL0506/__PN7.HTM,1,Ester,Est,10
831,https://www.vatican.va/archive/ESL0506/__PN8.HTM,2,Ester,Est,10
832,https://www.vatican.va/archive/ESL0506/__PN9.HTM,3,Ester,Est,10
833,https://www.vatican.va/archive/ESL0506/__PNA.HTM,4,Ester,Est,10
834,https://www.vatican.va/archive/ESL0506/__PNB.HTM,5,Ester,Est,10
835,https://www.vatican.va/archive/ESL0506/__PNC.HTM,6,Ester,Est,10
836,https://www.vatican.va/archive/ESL0506/__PND.HTM,7,Ester,Est,10
837,https://www.vatican.va/archive/ESL0506/__PNE.HTM,8,Ester,Est,10
838,https://www.vatican.va/archive/ESL0506/__PNF.HTM,9,Ester,Est,10
839,https://www.vatican.va/archive/ESL0506/__PNG.HTM,10,Ester,Est,10
840,https://www.vatican.va/archive/ESL0506/__PNH.HTM,1,Daniel,Dn,12
841,https://www.vatican.va/archive/ESL0506/__PNI.HTM,2,Daniel,Dn,12
842,https://www.vatican.va/archive/ESL0506/__PNJ.HTM,3,Daniel,Dn,12
843,https://www.vatican.va/archive/ESL0506/__PNK.HTM,4,Daniel,Dn,12
844,https://www.vatican.va/archive/ESL0506/__PNL.HTM,5,Daniel,Dn,12
845,https://www.vatican.va/archive/ESL0506/__PNM.HTM,6,Daniel,Dn,12
846,https://www.vatican.va/archive/ESL0506/__PNN.HTM,7,Daniel,Dn,12
847,https://www.vatican.va/archive/ESL0506/__PNO.HTM,8,Daniel,Dn,12
848,https://www.vatican.va/archive/ESL0506/__PNP.HTM,9,Daniel,Dn,12
849,https://www.vatican.va/archive/ESL0506/__PNQ.HTM,10,Daniel,Dn,12
850,https://www.vatican.va/archive/ESL0506/__PNR.HTM,11,Daniel,Dn,12
851,https://www.vatican.va/archive/ESL0506/__PNS.HTM,12,Daniel,Dn,12
852,https://www.vatican.va/archive/ESL0506/__PNT.HTM,1,1 Crónicas,1_Cr,29
853,https://www.vatican.va/archive/ESL0506/__PNU.HTM,2,1 Crónicas,1_Cr,29
854,https://www.vatican.va/archive/ESL0506/__PNV.HTM,3,1 Crónicas,1_Cr,29
855,https://www.vatican.va/archive/ESL0506/__PNW.HTM,4,1 Crónicas,1_Cr,29
856,https://www.vatican.va/archive/ESL0506/__PNX.HTM,5,1 Crónicas,1_Cr,29
857,https://www.vatican.va/archive/ESL0506/__PNY.HTM,6,1 Crónicas,1_Cr,29
858,https://www.vatican.va/archive/ESL0506/__PNZ.HTM,7,1 Crónicas,1_Cr,29
859,https://www.vatican.va/archive/ESL0506/__PO0.HTM,8,1 Crónicas,1_Cr,29
860,https://www.vatican.va/archive/ESL0506/__PO1.HTM,9,1 Crónicas,1_Cr,29
861,https://www.vatican.va/archive/ESL0506/__PO2.HTM,10,1 Crónicas,1_Cr,29
862,https://www.vatican.va/archive/ESL0506/__PO3.HTM,11,1 Crónicas,1_Cr,29
863,https://www.vatican.va/archive/ESL0506/__PO4.HTM,12,1 Crónicas,1_Cr,29
864,https://www.vatican.va/archive/ESL0506/__PO5.HTM,13,1 Crónicas,1_Cr,29
865,https://www.vatican.va/archive/ESL0506/__PO6.HTM,14,1 Crónicas,1_Cr,29
866,https://www.vatican.va/archive/ESL0506/__PO7.HTM,15,1 Crónicas,1_Cr,29
867,https://www.vatican.va/archive/ESL0506/__PO8.HTM,16,1 Crónicas,1_Cr,29
868,https://www.vatican.va/archive/ESL0506/__PO9.HTM,17,1 Crónicas,1_Cr,29
869,https://www.vatican.va/archive/ESL0506/__POA.HTM,18,1 Crónicas,1_Cr,29
870,https://www.vatican.va/archive/ESL0506/__POB.HTM,19,1 Crónicas,1_Cr,29
871,https://www.vatican.va/archive/ESL0506/__POC.HTM,20,1 Crónicas,1_Cr,29
872,https://www.vatican.va/archive/ESL0506/__POD.HTM,21,1 Crónicas,1_Cr,29
873,https://www.vatican.va/archive/ESL0506/__POE.HTM,22,1 Crónicas,1_Cr,29
874,https://www.vatican.va/archive/ESL0506/__POF.HTM,23,1 Crónicas,1_Cr,29
875,https://www.vatican.va/archive/ESL0506/__POG.HTM,24,1 Crónicas,1_Cr,29
876,https://www.vatican.va/archive/ESL0506/__POH.HTM,25,1 Crónicas,1_Cr,29
877,https://www.vatican.va/archive/ESL0506/__POI.HTM,26,1 Crónicas,1_Cr,29
878,https://www.vatican.va/archive/ESL0506/__POJ.HTM,27,1 Crónicas,1_Cr,29
879,https://www.vatican.va/archive/ESL0506/__POK.HTM,28,1 Crónicas,1_Cr,29
880,https://www.vatican.va/archive/ESL0506/__POL.HTM,29,1 Crónicas,1_Cr,29
881,https://www.vatican.va/archive/ESL0506/__POM.HTM,1,2 Crónicas,2_Cr,36
882,https://www.vatican.va/archive/ESL0506/__PON.HTM,2,2 Crónicas,2_Cr,36
883,https://www.vatican.va/archive/ESL0506/__POO.HTM,3,2 Crónicas,2_Cr,36
884,https://www.vatican.va/archive/ESL0506/__POP.HTM,4,2 Crónicas,2_Cr,36
885,https://www.vatican.va/archive/ESL0506/__POQ.HTM,5,2 Crónicas,2_Cr,36
886,https://www.vatican.va/archive/ESL0506/__POR.HTM,6,2 Crónicas,2_Cr,36
887,https://www.vatican.va/archive/ESL0506/__POS.HTM,7,2 Crónicas,2_Cr,36
888,https://www.vatican.va/archive/ESL0506/__POT.HTM,8,2 Crónicas,2_Cr,36
889,https://www.vatican.va/archive/ESL0506/__POU.HTM,9,2 Crónicas,2_Cr,36
890,https://www.vatican.va/archive/ESL0506/__POV.HTM,10,2 Crónicas,2_Cr,36
891,https://www.vatican.va/archive/ESL0506/__POW.HTM,11,2 Crónicas,2_Cr,36
892,https://www.vatican.va/archive/ESL0506/__POX.HTM,12,2 Crónicas,2_Cr,36
893,https://www.vatican.va/archive/ESL0506/__POY.HTM,13,2 Crónicas,2_Cr,36
894,https://www.vatican.va/archive/ESL0506/__POZ.HTM,14,2 Crónicas,2_Cr,36
895,https://www.vatican.va/archive/ESL0506/__PP0.HTM,15,2 Crónicas,2_Cr,36
896,https://www.vatican.va/archive/ESL0506/__PP1.HTM,16,2 Crónicas,2_Cr,36
897,https://www.vatican.va/archive/ESL0506/__PP2.HTM,17,2 Crónicas,2_Cr,36
898,https://www.vatican.va/archive/ESL0506/__PP3.HTM,18,2 Crónicas,2_Cr,36
899,https://www.vatican.va/archive/ESL0506/__PP4.HTM,19,2 Crónicas,2_Cr,36
900,https://www.vatican.va/archive/ESL0506/__PP5.HTM,20,2 Crónicas,2_Cr,36
901,https://www.vatican.va/archive/ESL0506/__PP6.HTM,21,2 Crónicas,2_Cr,36
902,https://www.vatican.va/archive/ESL0506/__PP7.HTM,22,2 Crónicas,2_Cr,36
903,https://www.vatican.va/archive/ESL0506/__PP8.HTM,23,2 Crónicas,2_Cr,36
904,https://www.vatican.va/archive/ESL0506/__PP9.HTM,24,2 Crónicas,2_Cr,36
905,https://www.vatican.va/archive/ESL0506/__PPA.HTM,25,2 Crónicas,2_Cr,36
906,https://www.vatican.va/archive/ESL0506/__PPB.HTM,26,2 Crónicas,2_Cr,36
907,https://www.vatican.va/archive/ESL0506/__PPC.HTM,27,2 Crónicas,2_Cr,36
908,https://www.vatican.va/archive/ESL0506/__PPD.HTM,28,2 Crónicas,2_Cr,36
909,https://www.vatican.va/archive/ESL0506/__PPE.HTM,29,2 Crónicas,2_Cr,36
910,https://www.vatican.va/archive/ESL0506/__PPF.HTM,30,2 Crónicas,2_Cr,36
911,https://www.vatican.va/archive/ESL0506/__PPG.HTM,31,2 Crónicas,2_Cr,36
912,https://www.vatican.va/archive/ESL0506/__PPH.HTM,32,2 Crónicas,2_Cr,36
913,https://www.vatican.va/archive/ESL0506/__PPI.HTM,33,2 Crónicas,2_Cr,36
914,https://www.vatican.va/archive/ESL0506/__PPJ.HTM,34,2 Crónicas,2_Cr,36
915,https://www.vatican.va/archive/ESL0506/__PPK.HTM,35,2 Crónicas,2_Cr,36
916,https://www.vatican.va/archive/ESL0506/__PPL.HTM,36,2 Crónicas,2_Cr,36
917,https://www.vatican.va/archive/ESL0506/__PPM.HTM,1,Esdras,Es,10
918,https://www.vatican.va/archive/ESL0506/__PPN.HTM,2,Esdras,Es,10
919,https://www.vatican.va/archive/ESL0506/__PPO.HTM,3,Esdras,Es,10
920,https://www.vatican.va/archive/ESL0506/__PPP.HTM,4,Esdras,Es,10
921,https://www.vatican.va/archive/ESL0506/__PPQ.HTM,5,Esdras,Es,10
922,https://www.vatican.va/archive/ESL0506/__PPR.HTM,6,Esdras,Es,10
923,https://www.vatican.va/archive/ESL0506/__PPS.HTM,7,Esdras,Es,10
924,https://www.vatican.va/archive/ESL0506/__PPT.HTM,8,Esdras,Es,10
925,https://www.vatican.va/archive/ESL0506/__PPU.HTM,9,Esdras,Es,10
926,https://www.vatican.va/archive/ESL0506/__PPV.HTM,10,Esdras,Es,10
927,https://www.vatican.va/archive/ESL0506/__PPW.HTM,1,Nehemías,Ne,13
928,https://www.vatican.va/archive/ESL0506/__PPX.HTM,2,Nehemías,Ne,13
929,https://www.vatican.va/archive/ESL0506/__PPY.HTM,3,Nehemías,Ne,13
930,https://www.vatican.va/archive/ESL0506/__PPZ.HTM,4,Nehemías,Ne,13
931,https://www.vatican.va/archive/ESL0506/__PQ0.HTM,5,Nehemías,Ne,13
932,https://www.vatican.va/archive/ESL0506/__PQ1.HTM,6,Nehemías,Ne,13
933,https://www.vatican.va/archive/ESL0506/__PQ2.HTM,7,Nehemías,Ne,13
934,https://www.vatican.va/archive/ESL0506/__PQ3.HTM,8,Nehemías,Ne,13
935,https://www.vatican.va/archive/ESL0506/__PQ4.HTM,9,Nehemías,Ne,13
936,https://www.vatican.va/archive/ESL0506/__PQ5.HTM,10,Nehemías,Ne,13
937,https://www.vatican.va/archive/ESL0506/__PQ6.HTM,11,Nehemías,Ne,13
938,https://www.vatican.va/archive/ESL0506/__PQ7.HTM,12,Nehemías,Ne,13
939,https://www.vatican.va/archive/ESL0506/__PQ8.HTM,13,Nehemías,Ne,13
940,https://www.vatican.va/archive/ESL0506/__PQ9.HTM,1,Ester Suplemento Griego,E-S-G,10
941,https://www.vatican.va/archive/ESL0506/__PQA.HTM,3,Ester Suplemento Griego,E-S-G,10
942,https://www.vatican.va/archive/ESL0506/__PQB.HTM,4,Ester Suplemento Griego,E-S-G,10
943,https://www.vatican.va/archive/ESL0506/__PQC.HTM,5,Ester Suplemento Griego,E-S-G,10
944,https://www.vatican.va/archive/ESL0506/__PQD.HTM,8,Ester Suplemento Griego,E-S-G,10
945,https://www.vatican.va/archive/ESL0506/__PQE.HTM,10,Ester Suplemento Griego,E-S-G,10
946,https://www.vatican.va/archive/ESL0506/__PQF.HTM,1,Judit,Jdt,16
947,https://www.vatican.va/archive/ESL0506/__PQG.HTM,2,Judit,Jdt,16
948,https://www.vatican.va/archive/ESL0506/__PQH.HTM,3,Judit,Jdt,16
949,https://www.vatican.va/archive/ESL0506/__PQI.HTM,4,Judit,Jdt,16
950,https://www.vatican.va/archive/ESL0506/__PQJ.HTM,5,Judit,Jdt,16
951,https://www.vatican.va/archive/ESL0506/__PQK.HTM,6,Judit,Jdt,16
952,https://www.vatican.va/archive/ESL0506/__PQL.HTM,7,Judit,Jdt,16
953,https://www.vatican.va/archive/ESL0506/__PQM.HTM,8,Judit,Jdt,16
954,https://www.vatican.va/archive/ESL0506/__PQN.HTM,9,Judit,Jdt,16
955,https://www.vatican.va/archive/ESL0506/__PQO.HTM,10,Judit,Jdt,16
956,https://www.vatican.va/archive/ESL0506/__PQP.HTM,11,Judit,Jdt,16
957,https://www.vatican.va/archive/ESL0506/__PQQ.HTM,12,Judit,Jdt,16
958,https://www.vatican.va/archive/ESL0506/__PQR.HTM,13,Judit,Jdt,16
959,https://www.vatican.va/archive/ESL0506/__PQS.HTM,14,Judit,Jdt,16
960,https://www.vatican.va/archive/ESL0506/__PQT.HTM,15,Judit,Jdt,16
961,https://www.vatican.va/archive/ESL0506/__PQU.HTM,16,Judit,Jdt,16
962,https://www.vatican.va/archive/ESL0506/__PQV.HTM,1,Tobías,Tob,14
963,https://www.vatican.va/archive/ESL0506/__PQW.HTM,2,Tobías,Tob,14
964,https://www.vatican.va/archive/ESL0506/__PQX.HTM,3,Tobías,Tob,14
965,https://www.vatican.va/archive/ESL0506/__PQY.HTM,4,Tobías,Tob,14
966,https://www.vatican.va/archive/ESL0506/__PQZ.HTM,5,Tobías,Tob,14
967,https://www.vatican.va/archive/ESL0506/__PR0.HTM,6,Tobías,Tob,14
968,https://www.vatican.va/archive/ESL0506/__PR1.HTM,7,Tobías,Tob,14
969,https://www.vatican.va/archive/ESL0506/__PR2.HTM,8,Tobías,Tob,14
970,https://www.vatican.va/archive/ESL0506/__PR3.HTM,9,Tobías,Tob,14
971,https://www.vatican.va/archive/ESL0506/__PR4.HTM,10,Tobías,Tob,14
972,https://www.vatican.va/archive/ESL0506/__PR5.HTM,11,Tobías,Tob,14
973,https://www.vatican.va/archive/ESL0506/__PR6.HTM,12,Tobías,Tob,14
974,https://www.vatican.va/archive/ESL0506/__PR7.HTM,13,Tobías,Tob,14
975,https://www.vatican.va/archive/ESL0506/__PR8.HTM,14,Tobías,Tob,14
976,https://www.vatican.va/archive/ESL0506/__PR9.HTM,1,1 Macabeos,1_Mac,16
977,https://www.vatican.va/archive/ESL0506/__PRA.HTM,2,1 Macabeos,1_Mac,16
978,https://www.vatican.va/archive/ESL0506/__PRB.HTM,3,1 Macabeos,1_Mac,16
979,https://www.vatican.va/archive/ESL0506/__PRC.HTM,4,1 Macabeos,1_Mac,16
980,https://www.vatican.va/archive/ESL0506/__PRD.HTM,5,1 Macabeos,1_Mac,16
981,https://www.vatican.va/archive/ESL0506/__PRE.HTM,6,1 Macabeos,1_Mac,16
982,https://www.vatican.va/archive/ESL0506/__PRF.HTM,7,1 Macabeos,1_Mac,16
983,https://www.vatican.va/archive/ESL0506/__PRG.HTM,8,1 Macabeos,1_Mac,16
984,https://www.vatican.va/archive/ESL0506/__PRH.HTM,9,1 Macabeos,1_Mac,16
985,https://www.vatican.va/archive/ESL0506/__PRI.HTM,10,1 Macabeos,1_Mac,16
986,https://www.vatican.va/archive/ESL0506/__PRJ.HTM,11,1 Macabeos,1_Mac,16
987,https://www.vatican.va/archive/ESL0506/__PRK.HTM,12,1 Macabeos,1_Mac,16
988,https://www.vatican.va/archive/ESL0506/__PRL.HTM,13,1 Macabeos,1_Mac,16
989,https://www.vatican.va/archive/ESL0506/__PRM.HTM,14,1 Macabeos,1_Mac,16
990,https://www.vatican.va/archive/ESL0506/__PRN.HTM,15,1 Macabeos,1_Mac,16
991,https://www.vatican.va/archive/ESL0506/__PRO.HTM,16,1 Macabeos,1_Mac,16
992,https://www.vatican.va/archive/ESL0506/__PRP.HTM,1,2 Macabeos,2_Mac,15
993,https://www.vatican.va/archive/ESL0506/__PRQ.HTM,2,2 Macabeos,2_Mac,15
994,https://www.vatican.va/archive/ESL0506/__PRR.HTM,3,2 Macabeos,2_Mac,15
995,https://www.vatican.va/archive/ESL0506/__PRS.HTM,4,2 Macabeos,2_Mac,15
996,https://www.vatican.va/archive/ESL0506/__PRT.HTM,5,2 Macabeos,2_Mac,15
997,https://www.vatican.va/archive/ESL0506/__PRU.HTM,6,2 Macabeos,2_Mac,15
998,https://www.vatican.va/archive/ESL0506/__PRV.HTM,7,2 Macabeos,2_Mac,15
999,https://www.vatican.va/archive/ESL0506/__PRW.HTM,8,2 Macabeos,2_Mac,15
1000,https://www.vatican.va/archive/ESL0506/__PRX.HTM,9,2 Macabeos,2_Mac,15
1001,https://www.vatican.va/archive/ESL0506/__PRY.HTM,10,2 Macabeos,2_Mac,15
1002,https://www.vatican.va/archive/ESL0506/__PRZ.HTM,11,2 Macabeos,2_Mac,15
1003,https://www.vatican.va/archive/ESL0506/__PS0.HTM,12,2 Macabeos,2_Mac,15
1004,https://www.vatican.va/archive/ESL0506/__PS1.HTM,13,2 Macabeos,2_Mac,15
1005,https://www.vatican.va/archive/ESL0506/__PS2.HTM,14,2 Macabeos,2_Mac,15
1006,https://www.vatican.va/archive/ESL0506/__PS3.HTM,15,2 Macabeos,2_Mac,15
1007,https://www.vatican.va/archive/ESL0506/__PS4.HTM,1,Sabiduría,Sab,19
1008,https://www.vatican.va/archive/ESL0506/__PS5.HTM,2,Sabiduría,Sab,19
1009,https://www.vatican.va/archive/ESL0506/__PS6.HTM,3,Sabiduría,Sab,19
1010,https://www.vatican.va/archive/ESL0506/__PS7.HTM,4,Sabiduría,Sab,19
1011,https://www.vatican.va/archive/ESL0506/__PS8.HTM,5,Sabiduría,Sab,19
1012,https://www.vatican.va/archive/ESL0506/__PS9.HTM,6,Sabiduría,Sab,19
1013,https://www.vatican.va/archive/ESL0506/__PSA.HTM,7,Sabiduría,Sab,19
1014,https://www.vatican.va/archive/ESL0506/__PSB.HTM,8,Sabiduría,Sab,19
1015,https://www.vatican.va/archive/ESL0506/__PSC.HTM,9,Sabiduría,Sab,19
1016,https://www.vatican.va/archive/ESL0506/__PSD.HTM,10,Sabiduría,Sab,19
1017,https://www.vatican.va/archive/ESL0506/__PSE.HTM,11,Sabiduría,Sab,19
1018,https://www.vatican.va/archive/ESL0506/__PSF.HTM,12,Sabiduría,Sab,19
1019,https://www.vatican.va/archive/ESL0506/__PSG.HTM,13,Sabiduría,Sab,19
1020,https://www.vatican.va/archive/ESL0506/__PSH.HTM,14,Sabiduría,Sab,19
1021,https://www.vatican.va/archive/ESL0506/__PSI.HTM,15,Sabiduría,Sab,19
1022,https://www.vatican.va/archive/ESL0506/__PSJ.HTM,16,Sabiduría,Sab,19
1023,https://www.vatican.va/archive/ESL0506/__PSK.HTM,17,Sabiduría,Sab,19
1024,https://www.vatican.va/archive/ESL0506/__PSL.HTM,18,Sabiduría,Sab,19
1025,https://www.vatican.va/archive/ESL0506/__PSM.HTM,19,Sabiduría,Sab,19
1026,https://www.vatican.va/archive/ESL0506/__PSN.HTM,1,"Sirácides o Eclesiástico",Si,51
1027,https://www.vatican.va/archive/ESL0506/__PSO.HTM,2,"Sirácides o Eclesiástico",Si,51
1028,https://www.vatican.va/archive/ESL0506/__PSP.HTM,3,"Sirácides o Eclesiástico",Si,51
1029,https://www.vatican.va/archive/ESL0506/__PSQ.HTM,4,"Sirácides o Eclesiástico",Si,51
1030,https://www.vatican.va/archive/ESL0506/__PSR.HTM,5,"Sirácides o Eclesiástico",Si,51
1031,https://www.vatican.va/archive/ESL0506/__PSS.HTM,6,"Sirácides o Eclesiástico",Si,51
1032,https://www.vatican.va/archive/ESL0506/__PST.HTM,7,"Sirácides o Eclesiástico",Si,51
1033,https://www.vatican.va/archive/ESL0506/__PSU.HTM,8,"Sirácides o Eclesiástico",Si,51
1034,https://www.vatican.va/archive/ESL0506/__PSV.HTM,9,"Sirácides o Eclesiástico",Si,51
1035,https://www.vatican.va/archive/ESL0506/__PSW.HTM,10,"Sirácides o Eclesiástico",Si,51
1036,https://www.vatican.va/archive/ESL0506/__PSX.HTM,11,"Sirácides o Eclesiástico",Si,51
1037,https://www.vatican.va/archive/ESL0506/__PSY.HTM,12,"Sirácides o Eclesiástico",Si,51
1038,https://www.vatican.va/archive/ESL0506/__PSZ.HTM,13,"Sirácides o Eclesiástico",Si,51
1039,https://www.vatican.va/archive/ESL0506/__PT0.HTM,14,"Sirácides o Eclesiástico",Si,51
1040,https://www.vatican.va/archive/ESL0506/__PT1.HTM,15,"Sirácides o Eclesiástico",Si,51
1041,https://www.vatican.va/archive/ESL0506/__PT2.HTM,16,"Sirácides o Eclesiástico",Si,51
1042,https://www.vatican.va/archive/ESL0506/__PT3.HTM,17,"Sirácides o Eclesiástico",Si,51
1043,https://www.vatican.va/archive/ESL0506/__PT4.HTM,18,"Sirácides o Eclesiástico",Si,51
1044,https://www.vatican.va/archive/ESL0506/__PT5.HTM,19,"Sirácides o Eclesiástico",Si,51
1045,https://www.vatican.va/archive/ESL0506/__PT6.HTM,20,"Sirácides o Eclesiástico",Si,51
1046,https://www.vatican.va/archive/ESL0506/__PT7.HTM,21,"Sirácides o Eclesiástico",Si,51
1047,https://www.vatican.va/archive/ESL0506/__PT8.HTM,22,"Sirácides o Eclesiástico",Si,51
1048,https://www.vatican.va/archive/ESL0506/__PT9.HTM,23,"Sirácides o Eclesiástico",Si,51
1049,https://www.vatican.va/archive/ESL0506/__PTA.HTM,24,"Sirácides o Eclesiástico",Si,51
1050,https://www.vatican.va/archive/ESL0506/__PTB.HTM,25,"Sirácides o Eclesiástico",Si,51
1051,https://www.vatican.va/archive/ESL0506/__PTC.HTM,26,"Sirácides o Eclesiástico",Si,51
1052,https://www.vatican.va/archive/ESL0506/__PTD.HTM,27,"Sirácides o Eclesiástico",Si,51
1053,https://www.vatican.va/archive/ESL0506/__PTE.HTM,28,"Sirácides o Eclesiástico",Si,51
1054,https://www.vatican.va/archive/ESL0506/__PTF.HTM,29,"Sirácides o Eclesiástico",Si,51
1055,https://www.vatican.va/archive/ESL0506/__PTG.HTM,30,"Sirácides o Eclesiástico",Si,51
1056,https://www.vatican.va/archive/ESL0506/__PTH.HTM,31,"Sirácides o Eclesiástico",Si,51
1057,https://www.vatican.va/archive/ESL0506/__PTI.HTM,32,"Sirácides o Eclesiástico",Si,51
1058,https://www.vatican.va/archive/ESL0506/__PTJ.HTM,33,"Sirácides o Eclesiástico",Si,51
1059,https://www.vatican.va/archive/ESL0506/__PTK.HTM,34,"Sirácides o Eclesiástico",Si,51
1060,https://www.vatican.va/archive/ESL0506/__PTL.HTM,35,"Sirácides o Eclesiástico",Si,51
1061,https://www.vatican.va/archive/ESL0506/__PTM.HTM,36,"Sirácides o Eclesiástico",Si,51
1062,https://www.vatican.va/archive/ESL0506/__PTN.HTM,37,"Sirácides o Eclesiástico",Si,51
1063,https://www.vatican.va/archive/ESL0506/__PTO.HTM,38,"Sirácides o Eclesiástico",Si,51
1064,https://www.vatican.va/archive/ESL0506/__PTP.HTM,39,"Sirácides o Eclesiástico",Si,51
1065,https://www.vatican.va/archive/ESL0506/__PTQ.HTM,40,"Sirácides o Eclesiástico",Si,51
1066,https://www.vatican.va/archive/ESL0506/__PTR.HTM,41,"Sirácides o Eclesiástico",Si,51
1067,https://www.vatican.va/archive/ESL0506/__PTS.HTM,42,"Sirácides o Eclesiástico",Si,51
1068,https://www.vatican.va/archive/ESL0506/__PTT.HTM,43,"Sirácides o Eclesiástico",Si,51
1069,https://www.vatican.va/archive/ESL0506/__PTU.HTM,44,"Sirácides o Eclesiástico",Si,51
1070,https://www.vatican.va/archive/ESL0506/__PTV.HTM,45,"Sirácides o Eclesiástico",Si,51
1071,https://www.vatican.va/archive/ESL0506/__PTW.HTM,46,"Sirácides o Eclesiástico",Si,51
1072,https://www.vatican.va/archive/ESL0506/__PTX.HTM,47,"Sirácides o Eclesiástico",Si,51
1073,https://www.vatican.va/archive/ESL0506/__PTY.HTM,48,"Sirácides o Eclesiástico",Si,51
1074,https://www.vatican.va/archive/ESL0506/__PTZ.HTM,49,"Sirácides o Eclesiástico",Si,51
1075,https://www.vatican.va/archive/ESL0506/__PU0.HTM,50,"Sirácides o Eclesiástico",Si,51
1076,https://www.vatican.va/archive/ESL0506/__PU1.HTM,51,"Sirácides o Eclesiástico",Si,51
1077,https://www.vatican.va/archive/ESL0506/__PU2.HTM,1,Baruc,Ba,5
1078,https://www.vatican.va/archive/ESL0506/__PU3.HTM,2,Baruc,Ba,5
1079,https://www.vatican.va/archive/ESL0506/__PU4.HTM,3,Baruc,Ba,5
1080,https://www.vatican.va/archive/ESL0506/__PU5.HTM,4,Baruc,Ba,5
1081,https://www.vatican.va/archive/ESL0506/__PU6.HTM,5,Baruc,Ba,5
1082,https://www.vatican.va/archive/ESL0506/__PU7.HTM,1,Carta Jeremías,C-Jr,1
1083,https://www.vatican.va/archive/ESL0506/__PU8.HTM,3,Daniel Suplementos Griegos,D-S-G,14
1084,https://www.vatican.va/archive/ESL0506/__PU9.HTM,13,Daniel Suplementos Griegos,D-S-G,14
1085,https://www.vatican.va/archive/ESL0506/__PUA.HTM,14,Daniel Suplementos Griegos,D-S-G,14
1086,https://www.vatican.va/archive/ESL0506/__PUB.HTM,1,Mateo,Mt,28
1087,https://www.vatican.va/archive/ESL0506/__PUC.HTM,2,Mateo,Mt,28
1088,https://www.vatican.va/archive/ESL0506/__PUD.HTM,3,Mateo,Mt,28
1089,https://www.vatican.va/archive/ESL0506/__PUE.HTM,4,Mateo,Mt,28
1090,https://www.vatican.va/archive/ESL0506/__PUF.HTM,5,Mateo,Mt,28
1091,https://www.vatican.va/archive/ESL0506/__PUG.HTM,6,Mateo,Mt,28
1092,https://www.vatican.va/archive/ESL0506/__PUH.HTM,7,Mateo,Mt,28
1093,https://www.vatican.va/archive/ESL0506/__PUI.HTM,8,Mateo,Mt,28
1094,https://www.vatican.va/archive/ESL0506/__PUJ.HTM,9,Mateo,Mt,28
1095,https://www.vatican.va/archive/ESL0506/__PUK.HTM,10,Mateo,Mt,28
1096,https://www.vatican.va/archive/ESL0506/__PUL.HTM,11,Mateo,Mt,28
1097,https://www.vatican.va/archive/ESL0506/__PUM.HTM,12,Mateo,Mt,28
1098,https://www.vatican.va/archive/ESL0506/__PUN.HTM,13,Mateo,Mt,28
1099,https://www.vatican.va/archive/ESL0506/__PUO.HTM,14,Mateo,Mt,28
1100,https://www.vatican.va/archive/ESL0506/__PUP.HTM,15,Mateo,Mt,28
1101,https://www.vatican.va/archive/ESL0506/__PUQ.HTM,16,Mateo,Mt,28
1102,https://www.vatican.va/archive/ESL0506/__PUR.HTM,17,Mateo,Mt,28
1103,https://www.vatican.va/archive/ESL0506/__PUS.HTM,18,Mateo,Mt,28
1104,https://www.vatican.va/archive/ESL0506/__PUT.HTM,19,Mateo,Mt,28
1105,https://www.vatican.va/archive/ESL0506/__PUU.HTM,20,Mateo,Mt,28
1106,https://www.vatican.va/archive/ESL0506/__PUV.HTM,21,Mateo,Mt,28
1107,https://www.vatican.va/archive/ESL0506/__PUW.HTM,22,Mateo,Mt,28
1108,https://www.vatican.va/archive/ESL0506/__PUX.HTM,23,Mateo,Mt,28
1109,https://www.vatican.va/archive/ESL0506/__PUY.HTM,24,Mateo,Mt,28
1110,https://www.vatican.va/archive/ESL0506/__PUZ.HTM,25,Mateo,Mt,28
1111,https://www.vatican.va/archive/ESL0506/__PV0.HTM,26,Mateo,Mt,28
1112,https://www.vatican.va/archive/ESL0506/__PV1.HTM,27,Mateo,Mt,28
1113,https://www.vatican.va/archive/ESL0506/__PV2.HTM,28,Mateo,Mt,28
1114,https://www.vatican.va/archive/ESL0506/__PV3.HTM,1,Marcos,Mc,16
1115,https://www.vatican.va/archive/ESL0506/__PV4.HTM,2,Marcos,Mc,16
1116,https://www.vatican.va/archive/ESL0506/__PV5.HTM,3,Marcos,Mc,16
1117,https://www.vatican.va/archive/ESL0506/__PV6.HTM,4,Marcos,Mc,16
1118,https://www.vatican.va/archive/ESL0506/__PV7.HTM,5,Marcos,Mc,16
1119,https://www.vatican.va/archive/ESL0506/__PV8.HTM,6,Marcos,Mc,16
1120,https://www.vatican.va/archive/ESL0506/__PV9.HTM,7,Marcos,Mc,16
1121,https://www.vatican.va/archive/ESL0506/__PVA.HTM,8,Marcos,Mc,16
1122,https://www.vatican.va/archive/ESL0506/__PVB.HTM,9,Marcos,Mc,16
1123,https://www.vatican.va/archive/ESL0506/__PVC.HTM,10,Marcos,Mc,16
1124,https://www.vatican.va/archive/ESL0506/__PVD.HTM,11,Marcos,Mc,16
1125,https://www.vatican.va/archive/ESL0506/__PVE.HTM,12,Marcos,Mc,16
1126,https://www.vatican.va/archive/ESL0506/__PVF.HTM,13,Marcos,Mc,16
1127,https://www.vatican.va/archive/ESL0506/__PVG.HTM,14,Marcos,Mc,16
1128,https://www.vatican.va/archive/ESL0506/__PVH.HTM,15,Marcos,Mc,16
1129,https://www.vatican.va/archive/ESL0506/__PVI.HTM,16,Marcos,Mc,16
1130,https://www.vatican.va/archive/ESL0506/__PVJ.HTM,1,Lucas,Lc,24
1131,https://www.vatican.va/archive/ESL0506/__PVK.HTM,2,Lucas,Lc,24
1132,https://www.vatican.va/archive/ESL0506/__PVL.HTM,3,Lucas,Lc,24
1133,https://www.vatican.va/archive/ESL0506/__PVM.HTM,4,Lucas,Lc,24
1134,https://www.vatican.va/archive/ESL0506/__PVN.HTM,5,Lucas,Lc,24
1135,https://www.vatican.va/archive/ESL0506/__PVO.HTM,6,Lucas,Lc,24
1136,https://www.vatican.va/archive/ESL0506/__PVP.HTM,7,Lucas,Lc,24
1137,https://www.vatican.va/archive/ESL0506/__PVQ.HTM,8,Lucas,Lc,24
1138,https://www.vatican.va/archive/ESL0506/__PVR.HTM,9,Lucas,Lc,24
1139,https://www.vatican.va/archive/ESL0506/__PVS.HTM,10,Lucas,Lc,24
1140,https://www.vatican.va/archive/ESL0506/__PVT.HTM,11,Lucas,Lc,24
1141,https://www.vatican.va/archive/ESL0506/__PVU.HTM,12,Lucas,Lc,24
1142,https://www.vatican.va/archive/ESL0506/__PVV.HTM,13,Lucas,Lc,24
1143,https://www.vatican.va/archive/ESL0506/__PVW.HTM,14,Lucas,Lc,24
1144,https://www.vatican.va/archive/ESL0506/__PVX.HTM,15,Lucas,Lc,24
1145,https://www.vatican.va/archive/ESL0506/__PVY.HTM,16,Lucas,Lc,24
1146,https://www.vatican.va/archive/ESL0506/__PVZ.HTM,17,Lucas,Lc,24
1147,https://www.vatican.va/archive/ESL0506/__PW0.HTM,18,Lucas,Lc,24
1148,https://www.vatican.va/archive/ESL0506/__PW1.HTM,19,Lucas,Lc,24
1149,https://www.vatican.va/archive/ESL0506/__PW2.HTM,20,Lucas,Lc,24
1150,https://www.vatican.va/archive/ESL0506/__PW3.HTM,21,Lucas,Lc,24
1151,https://www.vatican.va/archive/ESL0506/__PW4.HTM,22,Lucas,Lc,24
1152,https://www.vatican.va/archive/ESL0506/__PW5.HTM,23,Lucas,Lc,24
1153,https://www.vatican.va/archive/ESL0506/__PW6.HTM,24,Lucas,Lc,24
1154,https://www.vatican.va/archive/ESL0506/__PW7.HTM,1,Juan,Jn,21
1155,https://www.vatican.va/archive/ESL0506/__PW8.HTM,2,Juan,Jn,21
1156,https://www.vatican.va/archive/ESL0506/__PW9.HTM,3,Juan,Jn,21
1157,https://www.vatican.va/archive/ESL0506/__PWA.HTM,4,Juan,Jn,21
1158,https://www.vatican.va/archive/ESL0506/__PWB.HTM,5,Juan,Jn,21
1159,https://www.vatican.va/archive/ESL0506/__PWC.HTM,6,Juan,Jn,21
1160,https://www.vatican.va/archive/ESL0506/__PWD.HTM,7,Juan,Jn,21
1161,https://www.vatican.va/archive/ESL0506/__PWE.HTM,8,Juan,Jn,21
1162,https://www.vatican.va/archive/ESL0506/__PWF.HTM,9,Juan,Jn,21
1163,https://www.vatican.va/archive/ESL0506/__PWG.HTM,10,Juan,Jn,21
1164,https://www.vatican.va/archive/ESL0506/__PWH.HTM,11,Juan,Jn,21
1165,https://www.vatican.va/archive/ESL0506/__PWI.HTM,12,Juan,Jn,21
1166,https://www.vatican.va/archive/ESL0506/__PWJ.HTM,13,Juan,Jn,21
1167,https://www.vatican.va/archive/ESL0506/__PWK.HTM,14,Juan,Jn,21
1168,https://www.vatican.va/archive/ESL0506/__PWL.HTM,15,Juan,Jn,21
1169,https://www.vatican.va/archive/ESL0506/__PWM.HTM,16,Juan,Jn,21
1170,https://www.vatican.va/archive/ESL0506/__PWN.HTM,17,Juan,Jn,21
1171,https://www.vatican.va/archive/ESL0506/__PWO.HTM,18,Juan,Jn,21
1172,https://www.vatican.va/archive/ESL0506/__PWP.HTM,19,Juan,Jn,21
1173,https://www.vatican.va/archive/ESL0506/__PWQ.HTM,20,Juan,Jn,21
1174,https://www.vatican.va/archive/ESL0506/__PWR.HTM,21,Juan,Jn,21
1175,https://www.vatican.va/archive/ESL0506/__PWS.HTM,1,Hechos de los Apóstoles,Hch,28
1176,https://www.vatican.va/archive/ESL0506/__PWT.HTM,2,Hechos de los Apóstoles,Hch,28
1177,https://www.vatican.va/archive/ESL0506/__PWU.HTM,3,Hechos de los Apóstoles,Hch,28
1178,https://www.vatican.va/archive/ESL0506/__PWV.HTM,4,Hechos de los Apóstoles,Hch,28
1179,https://www.vatican.va/archive/ESL0506/__PWW.HTM,5,Hechos de los Apóstoles,Hch,28
1180,https://www.vatican.va/archive/ESL0506/__PWX.HTM,6,Hechos de los Apóstoles,Hch,28
1181,https://www.vatican.va/archive/ESL0506/__PWY.HTM,7,Hechos de los Apóstoles,Hch,28
1182,https://www.vatican.va/archive/ESL0506/__PWZ.HTM,8,Hechos de los Apóstoles,Hch,28
1183,https://www.vatican.va/archive/ESL0506/__PX0.HTM,9,Hechos de los Apóstoles,Hch,28
1184,https://www.vatican.va/archive/ESL0506/__PX1.HTM,10,Hechos de los Apóstoles,Hch,28
1185,https://www.vatican.va/archive/ESL0506/__PX2.HTM,11,Hechos de los Apóstoles,Hch,28
1186,https://www.vatican.va/archive/ESL0506/__PX3.HTM,12,Hechos de los Apóstoles,Hch,28
1187,https://www.vatican.va/archive/ESL0506/__PX4.HTM,13,Hechos de los Apóstoles,Hch,28
1188,https://www.vatican.va/archive/ESL0506/__PX5.HTM,14,Hechos de los Apóstoles,Hch,28
1189,https://www.vatican.va/archive/ESL0506/__PX6.HTM,15,Hechos de los Apóstoles,Hch,28
1190,https://www.vatican.va/archive/ESL0506/__PX7.HTM,16,Hechos de los Apóstoles,Hch,28
1191,https://www.vatican.va/archive/ESL0506/__PX8.HTM,17,Hechos de los Apóstoles,Hch,28
1192,https://www.vatican.va/archive/ESL0506/__PX9.HTM,18,Hechos de los Apóstoles,Hch,28
1193,https://www.vatican.va/archive/ESL0506/__PXA.HTM,19,Hechos de los Apóstoles,Hch,28
1194,https://www.vatican.va/archive/ESL0506/__PXB.HTM,20,Hechos de los Apóstoles,Hch,28
1195,https://www.vatican.va/archive/ESL0506/__PXC.HTM,21,Hechos de los Apóstoles,Hch,28
1196,https://www.vatican.va/archive/ESL0506/__PXD.HTM,22,Hechos de los Apóstoles,Hch,28
1197,https://www.vatican.va/archive/ESL0506/__PXE.HTM,23,Hechos de los Apóstoles,Hch,28
1198,https://www.vatican.va/archive/ESL0506/__PXF.HTM,24,Hechos de los Apóstoles,Hch,28
1199,https://www.vatican.va/archive/ESL0506/__PXG.HTM,25,Hechos de los Apóstoles,Hch,28
1200,https://www.vatican.va/archive/ESL0506/__PXH.HTM,26,Hechos de los Apóstoles,Hch,28
1201,https://www.vatican.va/archive/ESL0506/__PXI.HTM,27,Hechos de los Apóstoles,Hch,28
1202,https://www.vatican.va/archive/ESL0506/__PXJ.HTM,28,Hechos de los Apóstoles,Hch,28
1203,https://www.vatican.va/archive/ESL0506/__PXK.HTM,1,Romanos,Rom,16
1204,https://www.vatican.va/archive/ESL0506/__PXL.HTM,2,Romanos,Rom,16
1205,https://www.vatican.va/archive/ESL0506/__PXM.HTM,3,Romanos,Rom,16
1206,https://www.vatican.va/archive/ESL0506/__PXN.HTM,4,Romanos,Rom,16
1207,https://www.vatican.va/archive/ESL0506/__PXO.HTM,5,Romanos,Rom,16
1208,https://www.vatican.va/archive/ESL0506/__PXP.HTM,6,Romanos,Rom,16
1209,https://www.vatican.va/archive/ESL0506/__PXQ.HTM,7,Romanos,Rom,16
1210,https://www.vatican.va/archive/ESL0506/__PXR.HTM,8,Romanos,Rom,16
1211,https://www.vatican.va/archive/ESL0506/__PXS.HTM,9,Romanos,Rom,16
1212,https://www.vatican.va/archive/ESL0506/__PXT.HTM,10,Romanos,Rom,16
1213,https://www.vatican.va/archive/ESL0506/__PXU.HTM,11,Romanos,Rom,16
1214,https://www.vatican.va/archive/ESL0506/__PXV.HTM,12,Romanos,Rom,16
1215,https://www.vatican.va/archive/ESL0506/__PXW.HTM,13,Romanos,Rom,16
1216,https://www.vatican.va/archive/ESL0506/__PXX.HTM,14,Romanos,Rom,16
1217,https://www.vatican.va/archive/ESL0506/__PXY.HTM,15,Romanos,Rom,16
1218,https://www.vatican.va/archive/ESL0506/__PXZ.HTM,16,Romanos,Rom,16
1219,https://www.vatican.va/archive/ESL0506/__PY0.HTM,1,1 Corintios,1_Co,16
1220,https://www.vatican.va/archive/ESL0506/__PY1.HTM,2,1 Corintios,1_Co,16
1221,https://www.vatican.va/archive/ESL0506/__PY2.HTM,3,1 Corintios,1_Co,16
1222,https://www.vatican.va/archive/ESL0506/__PY3.HTM,4,1 Corintios,1_Co,16
1223,https://www.vatican.va/archive/ESL0506/__PY4.HTM,5,1 Corintios,1_Co,16
1224,https://www.vatican.va/archive/ESL0506/__PY5.HTM,6,1 Corintios,1_Co,16
1225,https://www.vatican.va/archive/ESL0506/__PY6.HTM,7,1 Corintios,1_Co,16
1226,https://www.vatican.va/archive/ESL0506/__PY7.HTM,8,1 Corintios,1_Co,16
1227,https://www.vatican.va/archive/ESL0506/__PY8.HTM,9,1 Corintios,1_Co,16
1228,https://www.vatican.va/archive/ESL0506/__PY9.HTM,10,1 Corintios,1_Co,16
1229,https://www.vatican.va/archive/ESL0506/__PYA.HTM,11,1 Corintios,1_Co,16
1230,https://www.vatican.va/archive/ESL0506/__PYB.HTM,12,1 Corintios,1_Co,16
1231,https://www.vatican.va/archive/ESL0506/__PYC.HTM,13,1 Corintios,1_Co,16
1232,https://www.vatican.va/archive/ESL0506/__PYD.HTM,14,1 Corintios,1_Co,16
1233,https://www.vatican.va/archive/ESL0506/__PYE.HTM,15,1 Corintios,1_Co,16
1234,https://www.vatican.va/archive/ESL0506/__PYF.HTM,16,1 Corintios,1_Co,16
1235,https://www.vatican.va/archive/ESL0506/__PYG.HTM,1,2 Corintios,2_Co,13
1236,https://www.vatican.va/archive/ESL0506/__PYH.HTM,2,2 Corintios,2_Co,13
1237,https://www.vatican.va/archive/ESL0506/__PYI.HTM,3,2 Corintios,2_Co,13
1238,https://www.vatican.va/archive/ESL0506/__PYJ.HTM,4,2 Corintios,2_Co,13
1239,https://www.vatican.va/archive/ESL0506/__PYK.HTM,5,2 Corintios,2_Co,13
1240,https://www.vatican.va/archive/ESL0506/__PYL.HTM,6,2 Corintios,2_Co,13
1241,https://www.vatican.va/archive/ESL0506/__PYM.HTM,7,2 Corintios,2_Co,13
1242,https://www.vatican.va/archive/ESL0506/__PYN.HTM,8,2 Corintios,2_Co,13
1243,https://www.vatican.va/archive/ESL0506/__PYO.HTM,9,2 Corintios,2_Co,13
1244,https://www.vatican.va/archive/ESL0506/__PYP.HTM,10,2 Corintios,2_Co,13
1245,https://www.vatican.va/archive/ESL0506/__PYQ.HTM,11,2 Corintios,2_Co,13
1246,https://www.vatican.va/archive/ESL0506/__PYR.HTM,12,2 Corintios,2_Co,13
1247,https://www.vatican.va/archive/ESL0506/__PYS.HTM,13,2 Corintios,2_Co,13
1248,https://www.vatican.va/archive/ESL0506/__PYT.HTM,1,Gálatas,Gál,6
1249,https://www.vatican.va/archive/ESL0506/__PYU.HTM,2,Gálatas,Gál,6
1250,https://www.vatican.va/archive/ESL0506/__PYV.HTM,3,Gálatas,Gál,6
1251,https://www.vatican.va/archive/ESL0506/__PYW.HTM,4,Gálatas,Gál,6
1252,https://www.vatican.va/archive/ESL0506/__PYX.HTM,5,Gálatas,Gál,6
1253,https://www.vatican.va/archive/ESL0506/__PYY.HTM,6,Gálatas,Gál,6
1254,https://www.vatican.va/archive/ESL0506/__PYZ.HTM,1,Efesios,Ef,6
1255,https://www.vatican.va/archive/ESL0506/__PZ0.HTM,2,Efesios,Ef,6
1256,https://www.vatican.va/archive/ESL0506/__PZ1.HTM,3,Efesios,Ef,6
1257,https://www.vatican.va/archive/ESL0506/__PZ2.HTM,4,Efesios,Ef,6
1258,https://www.vatican.va/archive/ESL0506/__PZ3.HTM,5,Efesios,Ef,6
1259,https://www.vatican.va/archive/ESL0506/__PZ4.HTM,6,Efesios,Ef,6
1260,https://www.vatican.va/archive/ESL0506/__PZ5.HTM,1,Filipenses,Flp,4
1261,https://www.vatican.va/archive/ESL0506/__PZ6.HTM,2,Filipenses,Flp,4
1262,https://www.vatican.va/archive/ESL0506/__PZ7.HTM,3,Filipenses,Flp,4
1263,https://www.vatican.va/archive/ESL0506/__PZ8.HTM,4,Filipenses,Flp,4
1264,https://www.vatican.va/archive/ESL0506/__PZ9.HTM,1,Colosenses,Col,4
1265,https://www.vatican.va/archive/ESL0506/__PZA.HTM,2,Colosenses,Col,4
1266,https://www.vatican.va/archive/ESL0506/__PZB.HTM,3,Colosenses,Col,4
1267,https://www.vatican.va/archive/ESL0506/__PZC.HTM,4,Colosenses,Col,4
1268,https://www.vatican.va/archive/ESL0506/__PZD.HTM,1,1 Tesalonicenses,1_Tes,5
1269,https://www.vatican.va/archive/ESL0506/__PZE.HTM,2,1 Tesalonicenses,1_Tes,5
1270,https://www.vatican.va/archive/ESL0506/__PZF.HTM,3,1 Tesalonicenses,1_Tes,5
1271,https://www.vatican.va/archive/ESL0506/__PZG.HTM,4,1 Tesalonicenses,1_Tes,5
1272,https://www.vatican.va/archive/ESL0506/__PZH.HTM,5,1 Tesalonicenses,1_Tes,5
1273,https://www.vatican.va/archive/ESL0506/__PZI.HTM,1,2 Tesalonicenses,2_Tes,3
1274,https://www.vatican.va/archive/ESL0506/__PZJ.HTM,2,2 Tesalonicenses,2_Tes,3
1275,https://www.vatican.va/archive/ESL0506/__PZK.HTM,3,2 Tesalonicenses,2_Tes,3
1276,https://www.vatican.va/archive/ESL0506/__PZL.HTM,1,1 Timoteo,1_Tim,6
1277,https://www.vatican.va/archive/ESL0506/__PZM.HTM,2,1 Timoteo,1_Tim,6
1278,https://www.vatican.va/archive/ESL0506/__PZN.HTM,3,1 Timoteo,1_Tim,6
1279,https://www.vatican.va/archive/ESL0506/__PZO.HTM,4,1 Timoteo,1_Tim,6
1280,https://www.vatican.va/archive/ESL0506/__PZP.HTM,5,1 Timoteo,1_Tim,6
1281,https://www.vatican.va/archive/ESL0506/__PZQ.HTM,6,1 Timoteo,1_Tim,6
1282,https://www.vatican.va/archive/ESL0506/__PZR.HTM,1,2 Timoteo,2_Tim,4
1283,https://www.vatican.va/archive/ESL0506/__PZS.HTM,2,2 Timoteo,2_Tim,4
1284,https://www.vatican.va/archive/ESL0506/__PZT.HTM,3,2 Timoteo,2_Tim,4
1285,https://www.vatican.va/archive/ESL0506/__PZU.HTM,4,2 Timoteo,2_Tim,4
1286,https://www.vatican.va/archive/ESL0506/__PZV.HTM,1,Tito,Ti,3
1287,https://www.vatican.va/archive/ESL0506/__PZW.HTM,2,Tito,Ti,3
1288,https://www.vatican.va/archive/ESL0506/__PZX.HTM,3,Tito,Ti,3
1289,https://www.vatican.va/archive/ESL0506/__PZY.HTM,1,Filemón,Flm,1
1290,https://www.vatican.va/archive/ESL0506/__PZZ.HTM,1,Hebreos,Heb,13
1291,https://www.vatican.va/archive/ESL0506/__P100.HTM,2,Hebreos,Heb,13
1292,https://www.vatican.va/archive/ESL0506/__P101.HTM,3,Hebreos,Heb,13
1293,https://www.vatican.va/archive/ESL0506/__P102.HTM,4,Hebreos,Heb,13
1294,https://www.vatican.va/archive/ESL0506/__P103.HTM,5,Hebreos,Heb,13
1295,https://www.vatican.va/archive/ESL0506/__P104.HTM,6,Hebreos,Heb,13
1296,https://www.vatican.va/archive/ESL0506/__P105.HTM,7,Hebreos,Heb,13
1297,https://www.vatican.va/archive/ESL0506/__P106.HTM,8,Hebreos,Heb,13
1298,https://www.vatican.va/archive/ESL0506/__P107.HTM,9,Hebreos,Heb,13
1299,https://www.vatican.va/archive/ESL0506/__P108.HTM,10,Hebreos,Heb,13
1300,https://www.vatican.va/archive/ESL0506/__P109.HTM,11,Hebreos,Heb,13
1301,https://www.vatican.va/archive/ESL0506/__P10A.HTM,12,Hebreos,Heb,13
1302,https://www.vatican.va/archive/ESL0506/__P10B.HTM,13,Hebreos,Heb,13
1303,https://www.vatican.va/archive/ESL0506/__P10C.HTM,1,Santiago,St,5
1304,https://www.vatican.va/archive/ESL0506/__P10D.HTM,2,Santiago,St,5
1305,https://www.vatican.va/archive/ESL0506/__P10E.HTM,3,Santiago,St,5
1306,https://www.vatican.va/archive/ESL0506/__P10F.HTM,4,Santiago,St,5
1307,https://www.vatican.va/archive/ESL0506/__P10G.HTM,5,Santiago,St,5
1308,https://www.vatican.va/archive/ESL0506/__P10H.HTM,1,1 Pedro,1_Pe,5
1309,https://www.vatican.va/archive/ESL0506/__P10I.HTM,2,1 Pedro,1_Pe,5
1310,https://www.vatican.va/archive/ESL0506/__P10J.HTM,3,1 Pedro,1_Pe,5
1311,https://www.vatican.va/archive/ESL0506/__P10K.HTM,4,1 Pedro,1_Pe,5
1312,https://www.vatican.va/archive/ESL0506/__P10L.HTM,5,1 Pedro,1_Pe,5
1313,https://www.vatican.va/archive/ESL0506/__P10M.HTM,1,2 Pedro,2_Pe,3
1314,https://www.vatican.va/archive/ESL0506/__P10N.HTM,2,2 Pedro,2_Pe,3
1315,https://www.vatican.va/archive/ESL0506/__P10O.HTM,3,2 Pedro,2_Pe,3
1316,https://www.vatican.va/archive/ESL0506/__P10P.HTM,1,1 Juan,1_Jn,5
1317,https://www.vatican.va/archive/ESL0506/__P10Q.HTM,2,1 Juan,1_Jn,5
1318,https://www.vatican.va/archive/ESL0506/__P10R.HTM,3,1 Juan,1_Jn,5
1319,https://www.vatican.va/archive/ESL0506/__P10S.HTM,4,1 Juan,1_Jn,5
1320,https://www.vatican.va/archive/ESL0506/__P10T.HTM,5,1 Juan,1_Jn,5
1321,https://www.vatican.va/archive/ESL0506/__P10U.HTM,1,2 Juan,2_Jn,1
1322,https://www.vatican.va/archive/ESL0506/__P10V.HTM,1,3 Juan,3_Jn,1
1323,https://www.vatican.va/archive/ESL0506/__P10W.HTM,1,Judas,Jud,1
1324,https://www.vatican.va/archive/ESL0506/__P10X.HTM,1,Apocalipsis (de Juan),Ap,22
1325,https://www.vatican.va/archive/ESL0506/__P10Y.HTM,2,Apocalipsis (de Juan),Ap,22
1326,https://www.vatican.va/archive/ESL0506/__P10Z.HTM,3,Apocalipsis (de Juan),Ap,22
1327,https://www.vatican.va/archive/ESL0506/__P110.HTM,4,Apocalipsis (de Juan),Ap,22
1328,https://www.vatican.va/archive/ESL0506/__P111.HTM,5,Apocalipsis (de Juan),Ap,22
1329,https://www.vatican.va/archive/ESL0506/__P112.HTM,6,Apocalipsis (de Juan),Ap,22
1330,https://www.vatican.va/archive/ESL0506/__P113.HTM,7,Apocalipsis (de Juan),Ap,22
1331,https://www.vatican.va/archive/ESL0506/__P114.HTM,8,Apocalipsis (de Juan),Ap,22
1332,https://www.vatican.va/archive/ESL0506/__P115.HTM,9,Apocalipsis (de Juan),Ap,22
1333,https://www.vatican.va/archive/ESL0506/__P116.HTM,10,Apocalipsis (de Juan),Ap,22
1334,https://www.vatican.va/archive/ESL0506/__P117.HTM,11,Apocalipsis (de Juan),Ap,22
1335,https://www.vatican.va/archive/ESL0506/__P118.HTM,12,Apocalipsis (de Juan),Ap,22
1336,https://www.vatican.va/archive/ESL0506/__P119.HTM,13,Apocalipsis (de Juan),Ap,22
1337,https://www.vatican.va/archive/ESL0506/__P11A.HTM,14,Apocalipsis (de Juan),Ap,22
1338,https://www.vatican.va/archive/ESL0506/__P11B.HTM,15,Apocalipsis (de Juan),Ap,22
1339,https://www.vatican.va/archive/ESL0506/__P11C.HTM,16,Apocalipsis (de Juan),Ap,22
1340,https://www.vatican.va/archive/ESL0506/__P11D.HTM,17,Apocalipsis (de Juan),Ap,22
1341,https://www.vatican.va/archive/ESL0506/__P11E.HTM,18,Apocalipsis (de Juan),Ap,22
1342,https://www.vatican.va/archive/ESL0506/__P11F.HTM,19,Apocalipsis (de Juan),Ap,22
1343,https://www.vatican.va/archive/ESL0506/__P11G.HTM,20,Apocalipsis (de Juan),Ap,22
1344,https://www.vatican.va/archive/ESL0506/__P11H.HTM,21,Apocalipsis (de Juan),Ap,22
1345,https://www.vatican.va/archive/ESL0506/__P11I.HTM,22,Apocalipsis (de Juan),Ap,22